Workbook

Sheet Empir ANSTO corr wheel2 only 
A1: Updated June 6, 2026
A2: ANSTO-generated commensurately sized standard and blank results. From R620 analysis
A3: THIS VERSION NOT CURRENTLY BEING USED
A5: Standard | B5: 14C meas, pMC | C5: 14C Meas Error | D5: 14C true, pMC | E5: 14C True Error
A6: OX1 30ug1 | B6: 101.2978 | C6: 1.8987284 | D6: 103.98 | E6: 0.04 | F6: high scatter for OX1's; no obvious anaytical issues on ANSTO side
A7: OX1 30ug 2 | B7: 107.94891 | C7: 0.67739049 | D7: 103.98 | E7: 0.04
A8: C7 30ug1 | B8: 50.605975 | C8: 0.49774574 | D8: 49.53 | E8: 0.12
A9: C7 30ug2 | B9: 50.764267 | C9: 0.54584197 | D9: 49.53 | E9: 0.12
A10: C8 30ug 1 | B10: 15.660545 | C10: 0.2517062 | D10: 15.03 | E10: 0.17
A11: C8 30ug 2 | B11: 16.402454 | C11: 0.25600669 | D11: 15.03 | E11: 0.17
A12: Blk 30ug 1 | B12: 0.88642599 | C12: 0.13760008 | D12: 0.24 | E12: 0.09
A13: Blk 30ug 2 | B13: 0.93179077 | C13: 0.075700154 | D13: 0.24 | E13: 0.09
A14: Blk 30ug 3 | B14: 0.64323937 | C14: 0.059800093 | D14: 0.24 | E14: 0.09
A15: Blk 30ug 4 | B15: 0.66165963 | C15: 0.051700114 | D15: 0.24 | E15: 0.09
A18: From linear curve fit analysis in Igor, -- in "R620 Dome C 14CO empir corr 6Jun2026.pxp"
A21: 14Cmeas = a + b * 14C true
B23: value | C23: 1 sigma error
A24: a | B24: 0.47125 | C24: 0.0357
A25: b | B25: 1.023 | C25: 0.0048
A26: c = a/b | B26: =B24/B25 -> 0.46065494 | C26: =B26*SQRT((C24/B24)^2+(C25/B25)^2) -> 0.034964233
A28: Then 14C true = 14Cmeas/b - c
A30: Samples and Blanks | B30: Sample and blank values prior to this correction | C30: Error | D30: 14Cmeas/b | E30: Error | F30: 14C true | G30: Error | H30: %Error after ANSTO correction
A31: 14CO_DIRECT_FILL_WITH_14C_MODERN_STANDARD | B31: 11.299989 | C31: 0.18671165 | D31: =B31/B$25 -> 11.045932 | E31: =D31*SQRT((C31/B31)^2+(C$25/B$25)^2) -> 0.18973003 | F31: =D31-B$26 -> 10.585277 | G31: =SQRT(E31^2+C$26^2) -> 0.19292481 | H31: =G31/F31*100 -> 1.8225768
A32: 14CO_UR_DC_WATER_BLANK_2 | B32: 11.819202 | C32: 0.31420758 | D32: =B32/B$25 -> 11.553472 | E32: =D32*SQRT((C32/B32)^2+(C$25/B$25)^2) -> 0.31189053 | F32: =D32-B$26 -> 11.092817 | G32: =SQRT(E32^2+C$26^2) -> 0.31384423 | H32: =G32/F32*100 -> 2.8292563
A33: 14CO_UR_DC_ICE_SAMPLE_10 | B33: 117.68498 | C33: 0.71862851 | D33: =B33/B$25 -> 115.03908 | E33: =D33*SQRT((C33/B33)^2+(C$25/B$25)^2) -> 0.88590129 | F33: =D33-B$26 -> 114.57842 | G33: =SQRT(E33^2+C$26^2) -> 0.886591 | H33: =G33/F33*100 -> 0.77378531
A34: 14CO_UR_DC_ICE_SAMPLE_6 | B34: 138.17971 | C34: 1.564308 | D34: =B34/B$25 -> 135.07303 | E34: =D34*SQRT((C34/B34)^2+(C$25/B$25)^2) -> 1.6552739 | F34: =D34-B$26 -> 134.61237 | G34: =SQRT(E34^2+C$26^2) -> 1.6556431 | H34: =G34/F34*100 -> 1.2299339
A35: 14CO_UR_DC_ICE_SAMPLE_13 | B35: 155.36851 | C35: 0.95243201 | D35: =B35/B$25 -> 151.87537 | E35: =D35*SQRT((C35/B35)^2+(C$25/B$25)^2) -> 1.1724381 | F35: =D35-B$26 -> 151.41472 | G35: =SQRT(E35^2+C$26^2) -> 1.1729593 | H35: =G35/F35*100 -> 0.77466665
A36: 14CO_UR_DC_FIRN_EXTRACTION_3 | B36: 90.93332 | C36: 1.2483129 | D36: =B36/B$25 -> 88.888876 | E36: =D36*SQRT((C36/B36)^2+(C$25/B$25)^2) -> 1.2895557 | F36: =D36-B$26 -> 88.428221 | G36: =SQRT(E36^2+C$26^2) -> 1.2900296 | H36: =G36/F36*100 -> 1.4588438
A37: 14CO_UR_DC_WATER_BLANK_4B | B37: 4.683568 | C37: 0.12490299 | D37: =B37/B$25 -> 4.5782678 | E37: =D37*SQRT((C37/B37)^2+(C$25/B$25)^2) -> 0.12397017 | F37: =D37-B$26 -> 4.1176129 | G37: =SQRT(E37^2+C$26^2) -> 0.12880644 | H37: =G37/F37*100 -> 3.1281825
A38: 14CO_UR_DC_ICE_SAMPLE_8 | B38: 129.63094 | C38: 1.0143823 | D38: =B38/B$25 -> 126.71646 | E38: =D38*SQRT((C38/B38)^2+(C$25/B$25)^2) -> 1.1561702 | F38: =D38-B$26 -> 126.25581 | G38: =SQRT(E38^2+C$26^2) -> 1.1566988 | H38: =G38/F38*100 -> 0.91615492
A39: 14CO_UR_DC_FIRN_SAMPLE_1 | B39: 171.97928 | C39: 1.3754665 | D39: =B39/B$25 -> 168.11269 | E39: =D39*SQRT((C39/B39)^2+(C$25/B$25)^2) -> 1.5588446 | F39: =D39-B$26 -> 167.65203 | G39: =SQRT(E39^2+C$26^2) -> 1.5592366 | H39: =G39/F39*100 -> 0.93004339
A40: 14CO_UR_DC_ICE_SAMPLE_11 | B40: 108.70015 | C40: 0.64391278 | D40: =B40/B$25 -> 106.25626 | E40: =D40*SQRT((C40/B40)^2+(C$25/B$25)^2) -> 0.80296608 | F40: =D40-B$26 -> 105.7956 | G40: =SQRT(E40^2+C$26^2) -> 0.80372696 | H40: =G40/F40*100 -> 0.75969789
A41: 14CO_UR_DC_WATER_BLANK_1 | B41: 4.7660134 | C41: 0.24820156 | D41: =B41/B$25 -> 4.6588596 | E41: =D41*SQRT((C41/B41)^2+(C$25/B$25)^2) -> 0.24360404 | F41: =D41-B$26 -> 4.1982047 | G41: =SQRT(E41^2+C$26^2) -> 0.24610044 | H41: =G41/F41*100 -> 5.8620401
A42: 14CO_UR_DC_ICE_SAMPLE_1 | B42: 100.60367 | C42: 1.1439508 | D42: =B42/B$25 -> 98.341807 | E42: =D42*SQRT((C42/B42)^2+(C$25/B$25)^2) -> 1.209693 | F42: =D42-B$26 -> 97.881152 | G42: =SQRT(E42^2+C$26^2) -> 1.2101982 | H42: =G42/F42*100 -> 1.2363956
... A48: 14CO_UR_DC_ICE_SAMPLE_7 | B48: 149.44623 | C48: 1.277498 | D48: =B48/B$25 -> 146.08625 | E48: =D48*SQRT((C48/B48)^2+(C$25/B$25)^2) -> 1.4245286 | F48: =D48-B$26 -> 145.62559 | G48: =SQRT(E48^2+C$26^2) -> 1.4249576 | H48: =G48/F48*100 -> 0.97850768
A49: 14CO_UR_DC_ICE_SAMPLE_2 | B49: 92.673496 | C49: 7.9096185 | D49: =B49/B$25 -> 90.589928 | E49: =D49*SQRT((C49/B49)^2+(C$25/B$25)^2) -> 7.7434623 | F49: =D49-B$26 -> 90.129273 | G49: =SQRT(E49^2+C$26^2) -> 7.7435412 | H49: =G49/F49*100 -> 8.591594 | I49: target fell out of cathode during ANTARES measurement; low current
A50: 14CO_UR_DC_FIRN_SAMPLE_2 | B50: 123.12049 | C50: 1.3689887 | D50: =B50/B$25 -> 120.35239 | E50: =D50*SQRT((C50/B50)^2+(C$25/B$25)^2) -> 1.4524791 | F50: =D50-B$26 -> 119.89173 | G50: =SQRT(E50^2+C$26^2) -> 1.4528999 | H50: =G50/F50*100 -> 1.2118433
A51: 14CO_UR_DC_ICE_SAMPLE_5 | B51: 145.6941 | C51: 1.2839818 | D51: =B51/B$25 -> 142.41848 | E51: =D51*SQRT((C51/B51)^2+(C$25/B$25)^2) -> 1.4219195 | F51: =D51-B$26 -> 141.95782 | G51: =SQRT(E51^2+C$26^2) -> 1.4223493 | H51: =G51/F51*100 -> 1.0019521
A52: 14CO_UR_DC_WATER_BLANK_5 | B52: 4.5067109 | C52: 0.12510277 | D52: =B52/B$25 -> 4.405387 | E52: =D52*SQRT((C52/B52)^2+(C$25/B$25)^2) -> 0.12402473 | F52: =D52-B$26 -> 3.9447321 | G52: =SQRT(E52^2+C$26^2) -> 0.12885896 | H52: =G52/F52*100 -> 3.2666087
A53: 14CO_UR_DC_ICE_SAMPLE_14 | B53: 158.45134 | C53: 2.1211017 | D53: =B53/B$25 -> 154.88889 | E53: =D53*SQRT((C53/B53)^2+(C$25/B$25)^2) -> 2.1970913 | F53: =D53-B$26 -> 154.42824 | G53: =SQRT(E53^2+C$26^2) -> 2.1973694 | H53: =G53/F53*100 -> 1.4229065
A54: DRY INJ EXT BLK | B54: 6.1573429 | C54: 0.14180456 | D54: =B54/B$25 -> 6.018908 | E54: =D54*SQRT((C54/B54)^2+(C$25/B$25)^2) -> 0.14146401 | F54: =D54-B$26 -> 5.558253 | G54: =SQRT(E54^2+C$26^2) -> 0.14572084 | H54: =G54/F54*100 -> 2.6217022
A55: HOT-DRY BLK | B55: 9.2717102 | C55: 0.17630831 | D55: =B55/B$25 -> 9.0632553 | E55: =D55*SQRT((C55/B55)^2+(C$25/B$25)^2) -> 0.17751341 | F55: =D55-B$26 -> 8.6026004 | G55: =SQRT(E55^2+C$26^2) -> 0.18092404 | H55: =G55/F55*100 -> 2.1031319
A56: 14CO_UR_DC_10_PPM_CO_STD_1 | B56: 1.7301365 | C56: 0.11380045 | D56: =B56/B$25 -> 1.691238 | E56: =D56*SQRT((C56/B56)^2+(C$25/B$25)^2) -> 0.11152456 | F56: =D56-B$26 -> 1.2305831 | G56: =SQRT(E56^2+C$26^2) -> 0.11687697 | H56: =G56/F56*100 -> 9.4976902
A57: 14CO_UR_DC_10_PPM_CO_STD_2 | B57: 1.2502698 | C57: 0.073800361 | D57: =B57/B$25 -> 1.2221601 | E57: =D57*SQRT((C57/B57)^2+(C$25/B$25)^2) -> 0.072368672 | F57: =D57-B$26 -> 0.76150515 | G57: =SQRT(E57^2+C$26^2) -> 0.080372398 | H57: =G57/F57*100 -> 10.554413

Sheet Empir ANSTO corr
A1: Updated June 8, 2026
A2: ANSTO-generated commensurately sized standard and blank results. From R620 analysis
A3: Two versions of the correction are made: including only stds measured in wheel 2 or also including the 30 µg OX2s that were measured in wheel 4
A4: Things highlighted in yellow may adjust / need finalizing
A6: Standard | B6: 14C meas, pMC | C6: 14C Meas Error | D6: 14C true, pMC | E6: 14C True Error
A7: OX2 30ug1 | B7: 133.61332 | C7: 0.53217647 | D7: 134.08 | E7: 0.46 | F7: The OX2s are from wheel 4
A8: OX2 30ug2 | B8: 135.35049 | C8: 0.6229547 | D8: 134.08 | E8: 0.46
A9: OX1 30ug1 | B9: 101.2978 | C9: 1.8987284 | D9: 103.98 | E9: 0.04 | F9: high scatter for OX1's; no obvious anaytical issues on ANSTO side
A10: OX1 30ug 2 | B10: 107.94891 | C10: 0.67739049 | D10: 103.98 | E10: 0.04
A11: C7 30ug1 | B11: 50.605975 | C11: 0.49774574 | D11: 49.53 | E11: 0.12
A12: C7 30ug2 | B12: 50.764267 | C12: 0.54584197 | D12: 49.53 | E12: 0.12
A13: C8 30ug 1 | B13: 15.660545 | C13: 0.2517062 | D13: 15.03 | E13: 0.17
A14: C8 30ug 2 | B14: 16.402454 | C14: 0.25600669 | D14: 15.03 | E14: 0.17
A15: Blk 30ug 1 | B15: 0.88642599 | C15: 0.13760008 | D15: 0.24 | E15: 0.09
A16: Blk 30ug 2 | B16: 0.93179077 | C16: 0.075700154 | D16: 0.24 | E16: 0.09
A17: Blk 30ug 3 | B17: 0.64323937 | C17: 0.059800093 | D17: 0.24 | E17: 0.09
A18: Blk 30ug 4 | B18: 0.66165963 | C18: 0.051700114 | D18: 0.24 | E18: 0.09
A21: From linear curve fit analysis in Igor, -- in "R620 Dome C 14CO empir corr 6Jun2026.pxp"
A24: 14Cmeas = a + b * 14C true
B25: Wheel 2 standards only | I25: Wheel 2 stds + OX2 from wheel 4
B26: value | C26: 1 sigma error | I26: value | J26: 1 sigma error
A27: a | B27: 0.47125 | C27: 0.0357 | I27: 0.48898 | J27: 0.035
A28: b | B28: 1.023 | C28: 0.0048 | I28: 1.006 | J28: 0.00266
A29: c = a/b | B29: =B27/B28 -> 0.46065494 | C29: =B29*SQRT((C27/B27)^2+(C28/B28)^2) -> 0.034964233 | I29: =I27/I28 -> 0.48606362 | J29: =I29*SQRT((J27/I27)^2+(J28/I28)^2) -> 0.034814983
A31: Then 14C true = 14Cmeas/b - c
A33: Samples and Blanks | B33: Sample and blank values prior to this correction | C33: Error | D33: 14Cmeas/b | E33: Error | F33: 14C true | G33: Error | I33: Sample and blank values prior to this correction | J33: Error | K33: 14Cmeas/b | L33: Error | M33: 14C true | N33: Error | P33: Mean 14C true value, pMC | Q33: Error | R33: % Error
A34: 14CO_DIRECT_FILL_WITH_14C_MODERN_STANDARD | B34: 11.299989 | C34: 0.18671165 | D34: =B34/B$28 -> 11.045932 | E34: =D34*SQRT((C34/B34)^2+(C$28/B$28)^2) -> 0.18973003 | F34: =D34-B$29 -> 10.585277 | G34: =SQRT(E34^2+C$29^2) -> 0.19292481 | I34: =B34 -> 11.299989 | J34: =C34 -> 0.18671165 | K34: =I34/I$28 -> 11.232593 | L34: =K34*SQRT((J34/I34)^2+(J$28/I$28)^2) -> 0.18795947 | M34: =K34-I$29 -> 10.74653 | N34: =SQRT(L34^2+J$29^2) -> 0.1911566 | P34: =AVERAGE(F34,M34) -> 10.665903 | Q34: =(M34+N34-F34+G34)/2 -> 0.27266681 | R34: =Q34/P34*100 -> 2.5564342
A35: 14CO_UR_DC_WATER_BLANK_2 | B35: 11.819202 | C35: 0.31420758 | D35: =B35/B$28 -> 11.553472 | E35: =D35*SQRT((C35/B35)^2+(C$28/B$28)^2) -> 0.31189053 | F35: =D35-B$29 -> 11.092817 | G35: =SQRT(E35^2+C$29^2) -> 0.31384423 | I35: =B35 -> 11.819202 | J35: =C35 -> 0.31420758 | K35: =I35/I$28 -> 11.74871 | L35: =K35*SQRT((J35/I35)^2+(J$28/I$28)^2) -> 0.31387467 | M35: =K35-I$29 -> 11.262646 | N35: =SQRT(L35^2+J$29^2) -> 0.3157996 | P35: =AVERAGE(F35,M35) -> 11.177732 | Q35: =(M35+N35-F35+G35)/2 -> 0.39973638 | R35: =Q35/P35*100 -> 3.5761851
A36: 14CO_UR_DC_ICE_SAMPLE_10 | B36: 117.68498 | C36: 0.71862851 | D36: =B36/B$28 -> 115.03908 | E36: =D36*SQRT((C36/B36)^2+(C$28/B$28)^2) -> 0.88590129 | F36: =D36-B$29 -> 114.57842 | G36: =SQRT(E36^2+C$29^2) -> 0.886591 | I36: =B36 -> 117.68498 | J36: =C36 -> 0.71862851 | K36: =I36/I$28 -> 116.98308 | L36: =K36*SQRT((J36/I36)^2+(J$28/I$28)^2) -> 0.77843653 | M36: =K36-I$29 -> 116.49701 | N36: =SQRT(L36^2+J$29^2) -> 0.77921467 | P36: =AVERAGE(F36,M36) -> 115.53772 | Q36: =(M36+N36-F36+G36)/2 -> 1.7921987 | R36: =Q36/P36*100 -> 1.5511806
A37: 14CO_UR_DC_ICE_SAMPLE_6 | B37: 138.17971 | C37: 1.564308 | D37: =B37/B$28 -> 135.07303 | E37: =D37*SQRT((C37/B37)^2+(C$28/B$28)^2) -> 1.6552739 | F37: =D37-B$29 -> 134.61237 | G37: =SQRT(E37^2+C$29^2) -> 1.6556431 | I37: =B37 -> 138.17971 | J37: =C37 -> 1.564308 | K37: =I37/I$28 -> 137.35557 | L37: =K37*SQRT((J37/I37)^2+(J$28/I$28)^2) -> 1.5968286 | M37: =K37-I$29 -> 136.86951 | N37: =SQRT(L37^2+J$29^2) -> 1.5972081 | P37: =AVERAGE(F37,M37) -> 135.74094 | Q37: =(M37+N37-F37+G37)/2 -> 2.7549944 | R37: =Q37/P37*100 -> 2.0295972
A38: 14CO_UR_DC_ICE_SAMPLE_13 | B38: 155.36851 | C38: 0.95243201 | D38: =B38/B$28 -> 151.87537 | E38: =D38*SQRT((C38/B38)^2+(C$28/B$28)^2) -> 1.1724381 | F38: =D38-B$29 -> 151.41472 | G38: =SQRT(E38^2+C$29^2) -> 1.1729593 | I38: =B38 -> 155.36851 | J38: =C38 -> 0.95243201 | K38: =I38/I$28 -> 154.44186 | L38: =K38*SQRT((J38/I38)^2+(J$28/I$28)^2) -> 1.0310677 | M38: =K38-I$29 -> 153.95579 | N38: =SQRT(L38^2+J$29^2) -> 1.0316553 | P38: =AVERAGE(F38,M38) -> 152.68526 | Q38: =(M38+N38-F38+G38)/2 -> 2.3728442 | R38: =Q38/P38*100 -> 1.5540755
A39: 14CO_UR_DC_FIRN_EXTRACTION_3 | B39: 90.93332 | C39: 1.2483129 | D39: =B39/B$28 -> 88.888876 | E39: =D39*SQRT((C39/B39)^2+(C$28/B$28)^2) -> 1.2895557 | F39: =D39-B$29 -> 88.428221 | G39: =SQRT(E39^2+C$29^2) -> 1.2900296 | I39: =B39 -> 90.93332 | J39: =C39 -> 1.2483129 | K39: =I39/I$28 -> 90.390974 | L39: =K39*SQRT((J39/I39)^2+(J$28/I$28)^2) -> 1.2636758 | M39: =K39-I$29 -> 89.904911 | N39: =SQRT(L39^2+J$29^2) -> 1.2641553 | P39: =AVERAGE(F39,M39) -> 89.166566 | Q39: =(M39+N39-F39+G39)/2 -> 2.0154372 | R39: =Q39/P39*100 -> 2.260306
A40: 14CO_UR_DC_WATER_BLANK_4B | B40: 4.683568 | C40: 0.12490299 | D40: =B40/B$28 -> 4.5782678 | E40: =D40*SQRT((C40/B40)^2+(C$28/B$28)^2) -> 0.12397017 | F40: =D40-B$29 -> 4.1176129 | G40: =SQRT(E40^2+C$29^2) -> 0.12880644 | I40: =B40 -> 4.683568 | J40: =C40 -> 0.12490299 | K40: =I40/I$28 -> 4.6556342 | L40: =K40*SQRT((J40/I40)^2+(J$28/I$28)^2) -> 0.12476682 | M40: =K40-I$29 -> 4.1695705 | N40: =SQRT(L40^2+J$29^2) -> 0.12953317 | P40: =AVERAGE(F40,M40) -> 4.1435917 | Q40: =(M40+N40-F40+G40)/2 -> 0.15514864 | R40: =Q40/P40*100 -> 3.7443034
A41: 14CO_UR_DC_ICE_SAMPLE_8 | B41: 129.63094 | C41: 1.0143823 | D41: =B41/B$28 -> 126.71646 | E41: =D41*SQRT((C41/B41)^2+(C$28/B$28)^2) -> 1.1561702 | F41: =D41-B$29 -> 126.25581 | G41: =SQRT(E41^2+C$29^2) -> 1.1566988 | I41: =B41 -> 129.63094 | J41: =C41 -> 1.0143823 | K41: =I41/I$28 -> 128.85779 | L41: =K41*SQRT((J41/I41)^2+(J$28/I$28)^2) -> 1.0643413 | M41: =K41-I$29 -> 128.37173 | N41: =SQRT(L41^2+J$29^2) -> 1.0649106 | P41: =AVERAGE(F41,M41) -> 127.31377 | Q41: =(M41+N41-F41+G41)/2 -> 2.1687663 | R41: =Q41/P41*100 -> 1.7034813
A42: 14CO_UR_DC_FIRN_SAMPLE_1 | B42: 171.97928 | C42: 1.3754665 | D42: =B42/B$28 -> 168.11269 | E42: =D42*SQRT((C42/B42)^2+(C$28/B$28)^2) -> 1.5588446 | F42: =D42-B$29 -> 167.65203 | G42: =SQRT(E42^2+C$29^2) -> 1.5592366 | I42: =B42 -> 171.97928 | J42: =C42 -> 1.3754665 | K42: =I42/I$28 -> 170.95356 | L42: =K42*SQRT((J42/I42)^2+(J$28/I$28)^2) -> 1.4400465 | M42: =K42-I$29 -> 170.46749 | N42: =SQRT(L42^2+J$29^2) -> 1.4404673 | P42: =AVERAGE(F42,M42) -> 169.05976 | Q42: =(M42+N42-F42+G42)/2 -> 2.9075828 | R42: =Q42/P42*100 -> 1.719855
A43: 14CO_UR_DC_ICE_SAMPLE_11 | B43: 108.70015 | C43: 0.64391278 | D43: =B43/B$28 -> 106.25626 | E43: =D43*SQRT((C43/B43)^2+(C$28/B$28)^2) -> 0.80296608 | F43: =D43-B$29 -> 105.7956 | G43: =SQRT(E43^2+C$29^2) -> 0.80372696 | I43: =B43 -> 108.70015 | J43: =C43 -> 0.64391278 | K43: =I43/I$28 -> 108.05184 | L43: =K43*SQRT((J43/I43)^2+(J$28/I$28)^2) -> 0.70094165 | M43: =K43-I$29 -> 107.56578 | N43: =SQRT(L43^2+J$29^2) -> 0.70180573 | P43: =AVERAGE(F43,M43) -> 106.68069 | Q43: =(M43+N43-F43+G43)/2 -> 1.6378534 | R43: =Q43/P43*100 -> 1.5352858
A44: 14CO_UR_DC_WATER_BLANK_1 | B44: 4.7660134 | C44: 0.24820156 | D44: =B44/B$28 -> 4.6588596 | E44: =D44*SQRT((C44/B44)^2+(C$28/B$28)^2) -> 0.24360404 | F44: =D44-B$29 -> 4.1982047 | G44: =SQRT(E44^2+C$29^2) -> 0.24610044 | I44: =B44 -> 4.7660134 | J44: =C44 -> 0.24820156 | K44: =I44/I$28 -> 4.7375878 | L44: =K44*SQRT((J44/I44)^2+(J$28/I$28)^2) -> 0.24703904 | M44: =K44-I$29 -> 4.2515242 | N44: =SQRT(L44^2+J$29^2) -> 0.2494802 | P44: =AVERAGE(F44,M44) -> 4.2248644 | Q44: =(M44+N44-F44+G44)/2 -> 0.2744501 | R44: =Q44/P44*100 -> 6.4960688
A45: 14CO_UR_DC_ICE_SAMPLE_1 | B45: 100.60367 | C45: 1.1439508 | D45: =B45/B$28 -> 98.341807 | E45: =D45*SQRT((C45/B45)^2+(C$28/B$28)^2) -> 1.209693 | F45: =D45-B$29 -> 97.881152 | G45: =SQRT(E45^2+C$29^2) -> 1.2101982 | I45: =B45 -> 100.60367 | J45: =C45 -> 1.1439508 | K45: =I45/I$28 -> 100.00365 | L45: =K45*SQRT((J45/I45)^2+(J$28/I$28)^2) -> 1.1674672 | M45: =K45-I$29 -> 99.517583 | N45: =SQRT(L45^2+J$29^2) -> 1.1679862 | P45: =AVERAGE(F45,M45) -> 98.699368 | Q45: =(M45+N45-F45+G45)/2 -> 2.0073077 | R45: =Q45/P45*100 -> 2.0337595
... A51: 14CO_UR_DC_ICE_SAMPLE_7 | B51: 149.44623 | C51: 1.277498 | D51: =B51/B$28 -> 146.08625 | E51: =D51*SQRT((C51/B51)^2+(C$28/B$28)^2) -> 1.4245286 | F51: =D51-B$29 -> 145.62559 | G51: =SQRT(E51^2+C$29^2) -> 1.4249576 | I51: =B51 -> 149.44623 | J51: =C51 -> 1.277498 | K51: =I51/I$28 -> 148.5549 | L51: =K51*SQRT((J51/I51)^2+(J$28/I$28)^2) -> 1.3292416 | M51: =K51-I$29 -> 148.06884 | N51: =SQRT(L51^2+J$29^2) -> 1.3296974 | P51: =AVERAGE(F51,M51) -> 146.84721 | Q51: =(M51+N51-F51+G51)/2 -> 2.5989503 | R51: =Q51/P51*100 -> 1.7698329
A52: 14CO_UR_DC_ICE_SAMPLE_2 | B52: 92.673496 | C52: 7.9096185 | D52: =B52/B$28 -> 90.589928 | E52: =D52*SQRT((C52/B52)^2+(C$28/B$28)^2) -> 7.7434623 | F52: =D52-B$29 -> 90.129273 | G52: =SQRT(E52^2+C$29^2) -> 7.7435412 | I52: =B52 -> 92.673496 | J52: =C52 -> 7.9096185 | K52: =I52/I$28 -> 92.120772 | L52: =K52*SQRT((J52/I52)^2+(J$28/I$28)^2) -> 7.866216 | M52: =K52-I$29 -> 91.634708 | N52: =SQRT(L52^2+J$29^2) -> 7.866293 | P52: =AVERAGE(F52,M52) -> 90.88199 | Q52: =(M52+N52-F52+G52)/2 -> 8.5576347 | R52: =Q52/P52*100 -> 9.4162051 | S52: target fell out of cathode during ANTARES measurement; low current
A53: 14CO_UR_DC_FIRN_SAMPLE_2 | B53: 123.12049 | C53: 1.3689887 | D53: =B53/B$28 -> 120.35239 | E53: =D53*SQRT((C53/B53)^2+(C$28/B$28)^2) -> 1.4524791 | F53: =D53-B$29 -> 119.89173 | G53: =SQRT(E53^2+C$29^2) -> 1.4528999 | I53: =B53 -> 123.12049 | J53: =C53 -> 1.3689887 | K53: =I53/I$28 -> 122.38617 | L53: =K53*SQRT((J53/I53)^2+(J$28/I$28)^2) -> 1.3987716 | M53: =K53-I$29 -> 121.90011 | N53: =SQRT(L53^2+J$29^2) -> 1.3992048 | P53: =AVERAGE(F53,M53) -> 120.89592 | Q53: =(M53+N53-F53+G53)/2 -> 2.4302419 | R53: =Q53/P53*100 -> 2.0101935
A54: 14CO_UR_DC_ICE_SAMPLE_5 | B54: 145.6941 | C54: 1.2839818 | D54: =B54/B$28 -> 142.41848 | E54: =D54*SQRT((C54/B54)^2+(C$28/B$28)^2) -> 1.4219195 | F54: =D54-B$29 -> 141.95782 | G54: =SQRT(E54^2+C$29^2) -> 1.4223493 | I54: =B54 -> 145.6941 | J54: =C54 -> 1.2839818 | K54: =I54/I$28 -> 144.82515 | L54: =K54*SQRT((J54/I54)^2+(J$28/I$28)^2) -> 1.3325327 | M54: =K54-I$29 -> 144.33909 | N54: =SQRT(L54^2+J$29^2) -> 1.3329874 | P54: =AVERAGE(F54,M54) -> 143.14845 | Q54: =(M54+N54-F54+G54)/2 -> 2.5683011 | R54: =Q54/P54*100 -> 1.7941521
A55: 14CO_UR_DC_WATER_BLANK_5 | B55: 4.5067109 | C55: 0.12510277 | D55: =B55/B$28 -> 4.405387 | E55: =D55*SQRT((C55/B55)^2+(C$28/B$28)^2) -> 0.12402473 | F55: =D55-B$29 -> 3.9447321 | G55: =SQRT(E55^2+C$29^2) -> 0.12885896 | I55: =B55 -> 4.5067109 | J55: =C55 -> 0.12510277 | K55: =I55/I$28 -> 4.4798319 | L55: =K55*SQRT((J55/I55)^2+(J$28/I$28)^2) -> 0.1249195 | M55: =K55-I$29 -> 3.9937683 | N55: =SQRT(L55^2+J$29^2) -> 0.12968024 | P55: =AVERAGE(F55,M55) -> 3.9692502 | Q55: =(M55+N55-F55+G55)/2 -> 0.15378771 | R55: =Q55/P55*100 -> 3.8744777
A56: 14CO_UR_DC_ICE_SAMPLE_14 | B56: 158.45134 | C56: 2.1211017 | D56: =B56/B$28 -> 154.88889 | E56: =D56*SQRT((C56/B56)^2+(C$28/B$28)^2) -> 2.1970913 | F56: =D56-B$29 -> 154.42824 | G56: =SQRT(E56^2+C$29^2) -> 2.1973694 | I56: =B56 -> 158.45134 | J56: =C56 -> 2.1211017 | K56: =I56/I$28 -> 157.5063 | L56: =K56*SQRT((J56/I56)^2+(J$28/I$28)^2) -> 2.1491885 | M56: =K56-I$29 -> 157.02023 | N56: =SQRT(L56^2+J$29^2) -> 2.1494705 | P56: =AVERAGE(F56,M56) -> 155.72424 | Q56: =(M56+N56-F56+G56)/2 -> 3.469419 | R56: =Q56/P56*100 -> 2.2279249
A57: DRY INJ EXT BLK | B57: 6.1573429 | C57: 0.14180456 | D57: =B57/B$28 -> 6.018908 | E57: =D57*SQRT((C57/B57)^2+(C$28/B$28)^2) -> 0.14146401 | F57: =D57-B$29 -> 5.558253 | G57: =SQRT(E57^2+C$29^2) -> 0.14572084 | I57: =B57 -> 6.1573429 | J57: =C57 -> 0.14180456 | K57: =I57/I$28 -> 6.1206191 | L57: =K57*SQRT((J57/I57)^2+(J$28/I$28)^2) -> 0.1418848 | M57: =K57-I$29 -> 5.6345555 | N57: =SQRT(L57^2+J$29^2) -> 0.14609374 | P57: =AVERAGE(F57,M57) -> 5.5964043 | Q57: =(M57+N57-F57+G57)/2 -> 0.18405854 | R57: =Q57/P57*100 -> 3.2888713
A58: HOT-DRY BLK | B58: 9.2717102 | C58: 0.17630831 | D58: =B58/B$28 -> 9.0632553 | E58: =D58*SQRT((C58/B58)^2+(C$28/B$28)^2) -> 0.17751341 | F58: =D58-B$29 -> 8.6026004 | G58: =SQRT(E58^2+C$29^2) -> 0.18092404 | I58: =B58 -> 9.2717102 | J58: =C58 -> 0.17630831 | K58: =I58/I$28 -> 9.2164117 | L58: =K58*SQRT((J58/I58)^2+(J$28/I$28)^2) -> 0.17694294 | M58: =K58-I$29 -> 8.7303481 | N58: =SQRT(L58^2+J$29^2) -> 0.18033549 | P58: =AVERAGE(F58,M58) -> 8.6664743 | Q58: =(M58+N58-F58+G58)/2 -> 0.24450362 | R58: =Q58/P58*100 -> 2.8212583
A59: 14CO_UR_DC_10_PPM_CO_STD_1 | B59: 1.7301365 | C59: 0.11380045 | D59: =B59/B$28 -> 1.691238 | E59: =D59*SQRT((C59/B59)^2+(C$28/B$28)^2) -> 0.11152456 | F59: =D59-B$29 -> 1.2305831 | G59: =SQRT(E59^2+C$29^2) -> 0.11687697 | I59: =B59 -> 1.7301365 | J59: =C59 -> 0.11380045 | K59: =I59/I$28 -> 1.7198176 | L59: =K59*SQRT((J59/I59)^2+(J$28/I$28)^2) -> 0.11321308 | M59: =K59-I$29 -> 1.233754 | N59: =SQRT(L59^2+J$29^2) -> 0.11844528 | P59: =AVERAGE(F59,M59) -> 1.2321685 | Q59: =(M59+N59-F59+G59)/2 -> 0.11924657 | R59: =Q59/P59*100 -> 9.6777809
A60: 14CO_UR_DC_10_PPM_CO_STD_2 | B60: 1.2502698 | C60: 0.073800361 | D60: =B60/B$28 -> 1.2221601 | E60: =D60*SQRT((C60/B60)^2+(C$28/B$28)^2) -> 0.072368672 | F60: =D60-B$29 -> 0.76150515 | G60: =SQRT(E60^2+C$29^2) -> 0.080372398 | I60: =B60 -> 1.2502698 | J60: =C60 -> 0.073800361 | K60: =I60/I$28 -> 1.2428129 | L60: =K60*SQRT((J60/I60)^2+(J$28/I$28)^2) -> 0.073433765 | M60: =K60-I$29 -> 0.75674928 | N60: =SQRT(L60^2+J$29^2) -> 0.081268695 | P60: =AVERAGE(F60,M60) -> 0.75912722 | Q60: =(M60+N60-F60+G60)/2 -> 0.078442608 | R60: =Q60/P60*100 -> 10.333262

Sheet 14CO analysis
A1: Last updated June 8 2026
A2: Results are from ANSTO R620 analysis
A3: Note: sample names and 14C values are linked to the "Empirical ANSTO blank corr" worksheet
A4: Columns with headings highlighted in yellow still need to be finalized
C6: Pressure gauge accuracy (fractional) for dilutions | G6: 0.0001
A7: SAMPLE DATA
A8: Sample | B8: Sicocan or tank number | C8: d13CO after dilution | D8: Error | E8: 14CO in diluted samples corrected for d13C, true pMC | F8: Error | G8: 14CO after ANSTO empirical correction, pMC | H8: Error | I8: [CO] in sample prior to dilution | J8: Error | K8: Pressure before dilution, torr | L8: Error | M8: Avg T of Tank before dilution, C | N8: Avg T of tank before dilution, K | O8: Error | P8: Final pressure afetr dilution, torr | Q8: Error | R8: Avg T tank after dilution, ˚C | S8: Avg T tank after dilution, K | T8: Error | U8: Final pressure corrected to initial tank temp, torr | V8: Error | W8: Pressure due to standard, torr | X8: Error | Y8: Notes / problems
A9: ='Empir ANSTO corr wheel2 only '!A31 -> 14CO_DIRECT_FILL_WITH_14C_MODERN_STANDARD | B9: UR-S12 | C9: -38.55 | D9: 0.6 | E9: ='Empir ANSTO corr'!B34 -> 11.299989 | F9: ='Empir ANSTO corr'!C34 -> 0.18671165 | G9: ='Empir ANSTO corr'!P34 -> 10.665903 | H9: ='Empir ANSTO corr'!Q34 -> 0.27266681 | I9: 70.523531 | J9: 2 | K9: 1840.068 | L9: =K9*G$6 -> 0.1840068 | M9: 22.6 | N9: =M9+273.15 -> 295.75 | O9: 0.2 | P9: 2795.816 | Q9: =P9*G$6 -> 0.2795816 | R9: 22.7 | S9: =R9+273.15 -> 295.85 | T9: 0.2 | U9: =P9/S9*N9 -> 2794.871 | V9: =U9*SQRT((Q9/P9)^2+(O9/N9)^2+(T9/S9)^2) -> 2.6870188 | W9: =U9-K9 -> 954.80299 | X9: =SQRT(L9^2+V9^2) -> 2.6933118 | Y9: Put trap 8 dewar on trap 7 and vice versa
A10: ='Empir ANSTO corr wheel2 only '!A32 -> 14CO_UR_DC_WATER_BLANK_2 | B10: UR-S14 | C10: -38.55 | D10: 0.6 | E10: ='Empir ANSTO corr'!B35 -> 11.819202 | F10: ='Empir ANSTO corr'!C35 -> 0.31420758 | G10: ='Empir ANSTO corr'!P35 -> 11.177732 | H10: ='Empir ANSTO corr'!Q35 -> 0.39973638 | I10: 81.93911 | J10: 2 | K10: 1901.213 | L10: =K10*G$6 -> 0.1901213 | M10: 22.7 | N10: =M10+273.15 -> 295.85 | O10: 0.2 | P10: 2787.515 | Q10: =P10*G$6 -> 0.2787515 | R10: 22.6 | S10: =R10+273.15 -> 295.75 | T10: 0.2 | U10: =P10/S10*N10 -> 2788.4575 | V10: =U10*SQRT((Q10/P10)^2+(O10/N10)^2+(T10/S10)^2) -> 2.6808528 | W10: =U10-K10 -> 887.24452 | X10: =SQRT(L10^2+V10^2) -> 2.6875859 | Y10: Forgot to close K16 @ end of downstream leak check before KNF leak check. Quickly saw problem, closed k16, re-evacuated downstream after leack check. Rechecked KNF pump leak ctest after closing H. 0:00 0.47 torr, 1:00 1.380 torr, 2:00 2.234 torr, 3:00 3.128 torr. Forgot to top off russian doll traps before switching to sample. Topped off after starting sample collection.
A11: ='Empir ANSTO corr wheel2 only '!A33 -> 14CO_UR_DC_ICE_SAMPLE_10 | B11: UR-S08 | C11: -38.55 | D11: 0.6 | E11: ='Empir ANSTO corr'!B36 -> 117.68498 | F11: ='Empir ANSTO corr'!C36 -> 0.71862851 | G11: ='Empir ANSTO corr'!P36 -> 115.53772 | H11: ='Empir ANSTO corr'!Q36 -> 1.7921987 | I11: 148.16194 | J11: 2 | K11: 1333.628 | L11: =K11*G$6 -> 0.1333628 | M11: 22.6 | N11: =M11+273.15 -> 295.75 | O11: 0.2 | P11: 2474.092 | Q11: =P11*G$6 -> 0.2474092 | R11: 22.7 | S11: =R11+273.15 -> 295.85 | T11: 0.2 | U11: =P11/S11*N11 -> 2473.2557 | V11: =U11*SQRT((Q11/P11)^2+(O11/N11)^2+(T11/S11)^2) -> 2.3778144 | W11: =U11-K11 -> 1139.6277 | X11: =SQRT(L11^2+V11^2) -> 2.3815514 | Y11: Paused breifley before tranasfer to recolleciton can to disucss what P to fill to. Turned off KNFs after transfer.
A12: ='Empir ANSTO corr wheel2 only '!A34 -> 14CO_UR_DC_ICE_SAMPLE_6 | B12: UR-S13 | C12: -38.55 | D12: 0.6 | E12: ='Empir ANSTO corr'!B37 -> 138.17971 | F12: ='Empir ANSTO corr'!C37 -> 1.564308 | G12: ='Empir ANSTO corr'!P37 -> 135.74094 | H12: ='Empir ANSTO corr'!Q37 -> 2.7549944 | I12: 133.60384 | J12: 2 | K12: 1365.912 | L12: =K12*G$6 -> 0.1365912 | M12: 22.4 | N12: =M12+273.15 -> 295.55 | O12: 0.2 | P12: 2508.323 | Q12: =P12*G$6 -> 0.2508323 | R12: 22.5 | S12: =R12+273.15 -> 295.65 | T12: 0.2 | U12: =P12/S12*N12 -> 2507.4746 | V12: =U12*SQRT((Q12/P12)^2+(O12/N12)^2+(T12/S12)^2) -> 2.4123262 | W12: =U12-K12 -> 1141.5626 | X12: =SQRT(L12^2+V12^2) -> 2.4161902
A13: ='Empir ANSTO corr wheel2 only '!A35 -> 14CO_UR_DC_ICE_SAMPLE_13 | B13: UR-S03 | C13: -38.55 | D13: 0.6 | E13: ='Empir ANSTO corr'!B38 -> 155.36851 | F13: ='Empir ANSTO corr'!C38 -> 0.95243201 | G13: ='Empir ANSTO corr'!P38 -> 152.68526 | H13: ='Empir ANSTO corr'!Q38 -> 2.3728442 | I13: 97.172947 | J13: 2 | K13: 1616.516 | L13: =K13*G$6 -> 0.1616516 | M13: 22.8 | N13: =M13+273.15 -> 295.95 | O13: 0.2 | P13: 2753.283 | Q13: =P13*G$6 -> 0.2753283 | R13: 22.8 | S13: =R13+273.15 -> 295.95 | T13: 0.2 | U13: =P13/S13*N13 -> 2753.283 | V13: =U13*SQRT((Q13/P13)^2+(O13/N13)^2+(T13/S13)^2) -> 2.6457084 | W13: =U13-K13 -> 1136.767 | X13: =SQRT(L13^2+V13^2) -> 2.6506422 | Y13: Redoing KNF pump leak check--valve H Is closed. 0:00 0.047 torr, 1:00 1.464 torr, 2:00 2.430 torr, 3:00 3.498 torr. While pouring LN2 during start of sample collection, dewar on trap 7 slipped. Securing/repositioning it delayed pouring LN2 on trap 8 by about 5 seconds.
A14: ='Empir ANSTO corr wheel2 only '!A36 -> 14CO_UR_DC_FIRN_EXTRACTION_3 | B14: UR-S23 | C14: -38.55 | D14: 0.6 | E14: ='Empir ANSTO corr'!B39 -> 90.93332 | F14: ='Empir ANSTO corr'!C39 -> 1.2483129 | G14: ='Empir ANSTO corr'!P39 -> 89.166566 | H14: ='Empir ANSTO corr'!Q39 -> 2.0154372 | I14: 92.14644 | J14: 2 | K14: 1393.359 | L14: =K14*G$6 -> 0.1393359 | M14: 22.7 | N14: =M14+273.15 -> 295.85 | O14: 0.2 | P14: 2532.724 | Q14: =P14*G$6 -> 0.2532724 | R14: 22.8 | S14: =R14+273.15 -> 295.95 | T14: 0.2 | U14: =P14/S14*N14 -> 2531.8682 | V14: =U14*SQRT((Q14/P14)^2+(O14/N14)^2+(T14/S14)^2) -> 2.4333513 | W14: =U14-K14 -> 1138.5092 | X14: =SQRT(L14^2+V14^2) -> 2.4373373 | Y14: 4BK valve might not have been fully closed during KNF leak check. Redo. 0:00 0.051 torr 1:00 1.459 torr 2:00 2.350 torr 3:00 3.267 torr. During flamesealing, LN2 dewar too hight. Struggled to pull sample tube away from flame tube. Also, 3 finger clamp not tight enough.
A15: ='Empir ANSTO corr wheel2 only '!A37 -> 14CO_UR_DC_WATER_BLANK_4B | B15: UR-S19 | C15: -38.55 | D15: 0.6 | E15: ='Empir ANSTO corr'!B40 -> 4.683568 | F15: ='Empir ANSTO corr'!C40 -> 0.12490299 | G15: ='Empir ANSTO corr'!P40 -> 4.1435917 | H15: ='Empir ANSTO corr'!Q40 -> 0.15514864 | I15: 42.602175 | J15: 2 | K15: 1296.379 | L15: =K15*G$6 -> 0.1296379 | M15: 22.6 | N15: =M15+273.15 -> 295.75 | O15: 0.2 | P15: 2431.364 | Q15: =P15*G$6 -> 0.2431364 | R15: 22.7 | S15: =R15+273.15 -> 295.85 | T15: 0.2 | U15: =P15/S15*N15 -> 2430.5422 | V15: =U15*SQRT((Q15/P15)^2+(O15/N15)^2+(T15/S15)^2) -> 2.3367492 | W15: =U15-K15 -> 1134.1632 | X15: =SQRT(L15^2+V15^2) -> 2.3403424
A16: ='Empir ANSTO corr wheel2 only '!A38 -> 14CO_UR_DC_ICE_SAMPLE_8 | B16: UR-S16 | C16: -38.55 | D16: 0.6 | E16: ='Empir ANSTO corr'!B41 -> 129.63094 | F16: ='Empir ANSTO corr'!C41 -> 1.0143823 | G16: ='Empir ANSTO corr'!P41 -> 127.31377 | H16: ='Empir ANSTO corr'!Q41 -> 2.1687663 | I16: 141.17461 | J16: 2 | K16: 1308.448 | L16: =K16*G$6 -> 0.1308448 | M16: 22.1 | N16: =M16+273.15 -> 295.25 | O16: 0.2 | P16: 2437.861 | Q16: =P16*G$6 -> 0.2437861 | R16: 22.7 | S16: =R16+273.15 -> 295.85 | T16: 0.2 | U16: =P16/S16*N16 -> 2432.9169 | V16: =U16*SQRT((Q16/P16)^2+(O16/N16)^2+(T16/S16)^2) -> 2.3409928 | W16: =U16-K16 -> 1124.4689 | X16: =SQRT(L16^2+V16^2) -> 2.3446466 | Y16: Upstream leak check: H complex was initially at 4 torr. Hiar dryer wouldn't turn on during 1st transfer, despite testing beforehand/resetting. Moved dryer to different outlet, which worked. Delayed heating cils with hair dryer ~30 seconds.
A17: ='Empir ANSTO corr wheel2 only '!A39 -> 14CO_UR_DC_FIRN_SAMPLE_1 | B17: UR-S02 | C17: -38.55 | D17: 0.6 | E17: ='Empir ANSTO corr'!B42 -> 171.97928 | F17: ='Empir ANSTO corr'!C42 -> 1.3754665 | G17: ='Empir ANSTO corr'!P42 -> 169.05976 | H17: ='Empir ANSTO corr'!Q42 -> 2.9075828 | I17: 83.697556 | J17: 2 | K17: 1367.841 | L17: =K17*G$6 -> 0.1367841 | M17: 22.6 | N17: =M17+273.15 -> 295.75 | O17: 0.2 | P17: 2513.365 | Q17: =P17*G$6 -> 0.2513365 | R17: 22.6 | S17: =R17+273.15 -> 295.75 | T17: 0.2 | U17: =P17/S17*N17 -> 2513.365 | V17: =U17*SQRT((Q17/P17)^2+(O17/N17)^2+(T17/S17)^2) -> 2.4167799 | W17: =U17-K17 -> 1145.524 | X17: =SQRT(L17^2+V17^2) -> 2.4206476 | Y17: Forgot to record exact time trap 8 stopped boiling. Recorded estimated time.
A18: ='Empir ANSTO corr wheel2 only '!A40 -> 14CO_UR_DC_ICE_SAMPLE_11 | B18: UR-S11 | C18: -38.55 | D18: 0.6 | E18: ='Empir ANSTO corr'!B43 -> 108.70015 | F18: ='Empir ANSTO corr'!C43 -> 0.64391278 | G18: ='Empir ANSTO corr'!P43 -> 106.68069 | H18: ='Empir ANSTO corr'!Q43 -> 1.6378534 | I18: 102.00919 | J18: 2 | K18: 1541.228 | L18: =K18*G$6 -> 0.1541228 | M18: 22.6 | N18: =M18+273.15 -> 295.75 | O18: 0.2 | P18: 2673.38 | Q18: =P18*G$6 -> 0.267338 | R18: 23 | S18: =R18+273.15 -> 296.15 | T18: 0.2 | U18: =P18/S18*N18 -> 2669.7692 | V18: =U18*SQRT((Q18/P18)^2+(O18/N18)^2+(T18/S18)^2) -> 2.5654593 | W18: =U18-K18 -> 1128.5412 | X18: =SQRT(L18^2+V18^2) -> 2.5700847
A19: ='Empir ANSTO corr wheel2 only '!A41 -> 14CO_UR_DC_WATER_BLANK_1 | B19: UR-S06 | C19: -38.55 | D19: 0.6 | E19: ='Empir ANSTO corr'!B44 -> 4.7660134 | F19: ='Empir ANSTO corr'!C44 -> 0.24820156 | G19: ='Empir ANSTO corr'!P44 -> 4.2248644 | H19: ='Empir ANSTO corr'!Q44 -> 0.2744501 | I19: 19.314382 | J19: 2 | K19: 1246.575 | L19: =K19*G$6 -> 0.1246575 | M19: 22.6 | N19: =M19+273.15 -> 295.75 | O19: 0.2 | P19: 2386.066 | Q19: =P19*G$6 -> 0.2386066 | R19: 22.6 | S19: =R19+273.15 -> 295.75 | T19: 0.2 | U19: =P19/S19*N19 -> 2386.066 | V19: =U19*SQRT((Q19/P19)^2+(O19/N19)^2+(T19/S19)^2) -> 2.2943728 | W19: =U19-K19 -> 1139.491 | X19: =SQRT(L19^2+V19^2) -> 2.2977568
A20: ='Empir ANSTO corr wheel2 only '!A42 -> 14CO_UR_DC_ICE_SAMPLE_1 | B20: UR-S10 | C20: -38.55 | D20: 0.6 | E20: ='Empir ANSTO corr'!B45 -> 100.60367 | F20: ='Empir ANSTO corr'!C45 -> 1.1439508 | G20: ='Empir ANSTO corr'!P45 -> 98.699368 | H20: ='Empir ANSTO corr'!Q45 -> 2.0073077 | I20: 153.91144 | J20: 2 | K20: 1395.451 | L20: =K20*G$6 -> 0.1395451 | M20: 22.6 | N20: =M20+273.15 -> 295.75 | O20: 0.2 | P20: 2534.073 | Q20: =P20*G$6 -> 0.2534073 | R20: 22.7 | S20: =R20+273.15 -> 295.85 | T20: 0.2 | U20: =P20/S20*N20 -> 2533.2165 | V20: =U20*SQRT((Q20/P20)^2+(O20/N20)^2+(T20/S20)^2) -> 2.4354613 | W20: =U20-K20 -> 1137.7655 | X20: =SQRT(L20^2+V20^2) -> 2.4394558
A21: ='Empir ANSTO corr wheel2 only '!A43 -> 14CO_UR_DC_ICE_SAMPLE_9 | B21: UR-S22 | C21: -38.55 | D21: 0.6 | E21: ='Empir ANSTO corr'!B46 -> 127.26811 | F21: ='Empir ANSTO corr'!C46 -> 0.69799556 | G21: ='Empir ANSTO corr'!P46 -> 124.98455 | H21: ='Empir ANSTO corr'!Q46 -> 1.8732728 | I21: 138.58844 | J21: 2 | K21: 1322.068 | L21: =K21*G$6 -> 0.1322068 | M21: 22.8 | N21: =M21+273.15 -> 295.95 | O21: 0.2 | P21: 2458.018 | Q21: =P21*G$6 -> 0.2458018 | R21: 22.8 | S21: =R21+273.15 -> 295.95 | T21: 0.2 | U21: =P21/S21*N21 -> 2458.018 | V21: =U21*SQRT((Q21/P21)^2+(O21/N21)^2+(T21/S21)^2) -> 2.3619798 | W21: =U21-K21 -> 1135.95 | X21: =SQRT(L21^2+V21^2) -> 2.3656769
A22: ='Empir ANSTO corr wheel2 only '!A44 -> 14CO_UR_DC_ICE_SAMPLE_3 | B22: UR-S20 | C22: -38.55 | D22: 0.6 | E22: ='Empir ANSTO corr'!B47 -> 143.99043 | F22: ='Empir ANSTO corr'!C47 -> 1.9236837 | G22: ='Empir ANSTO corr'!P47 -> 141.46902 | H22: ='Empir ANSTO corr'!Q47 -> 3.1480395 | I22: 84.903855 | J22: 2 | K22: 1502.525 | L22: =K22*G$6 -> 0.1502525 | M22: 22.8 | N22: =M22+273.15 -> 295.95 | O22: 0.2 | P22: 2641.794 | Q22: =P22*G$6 -> 0.2641794 | R22: 22.8 | S22: =R22+273.15 -> 295.95 | T22: 0.2 | U22: =P22/S22*N22 -> 2641.794 | V22: =U22*SQRT((Q22/P22)^2+(O22/N22)^2+(T22/S22)^2) -> 2.5385754 | W22: =U22-K22 -> 1139.269 | X22: =SQRT(L22^2+V22^2) -> 2.5430181
A23: ='Empir ANSTO corr wheel2 only '!A45 -> 14CO_UR_DC_ICE_SAMPLE_12 | B23: UR-S04 | C23: -38.55 | D23: 0.6 | E23: ='Empir ANSTO corr'!B48 -> 126.8929 | F23: ='Empir ANSTO corr'!C48 -> 1.1222445 | G23: ='Empir ANSTO corr'!P48 -> 124.61467 | H23: ='Empir ANSTO corr'!Q48 -> 2.2389445 | I23: 93.091513 | J23: 2 | K23: 1602.735 | L23: =K23*G$6 -> 0.1602735 | M23: 22.7 | N23: =M23+273.15 -> 295.85 | O23: 0.2 | P23: 2742.566 | Q23: =P23*G$6 -> 0.2742566 | R23: 22.8 | S23: =R23+273.15 -> 295.95 | T23: 0.2 | U23: =P23/S23*N23 -> 2741.6393 | V23: =U23*SQRT((Q23/P23)^2+(O23/N23)^2+(T23/S23)^2) -> 2.6349601 | W23: =U23-K23 -> 1138.9043 | X23: =SQRT(L23^2+V23^2) -> 2.63983 | Y23: Forgot to close 4H to KNFs before starting evacuation of recollection silcocan. Quickly closed 4H, evacutated silcocan for 30 minutes.
A24: ='Empir ANSTO corr wheel2 only '!A46 -> 14CO_UR_DC_ICE_SAMPLE_4 | B24: UR-S15 | C24: -38.55 | D24: 0.6 | E24: ='Empir ANSTO corr'!B49 -> 143.78762 | F24: ='Empir ANSTO corr'!C49 -> 1.1644026 | G24: ='Empir ANSTO corr'!P49 -> 141.26909 | H24: ='Empir ANSTO corr'!Q49 -> 2.4419046 | I24: 105.35947 | J24: 2 | K24: 1422.572 | L24: =K24*G$6 -> 0.1422572 | M24: 22.4 | N24: =M24+273.15 -> 295.55 | O24: 0.2 | P24: 2549.445 | Q24: =P24*G$6 -> 0.2549445 | R24: 22.4 | S24: =R24+273.15 -> 295.55 | T24: 0.2 | U24: =P24/S24*N24 -> 2549.445 | V24: =U24*SQRT((Q24/P24)^2+(O24/N24)^2+(T24/S24)^2) -> 2.4531144 | W24: =U24-K24 -> 1126.873 | X24: =SQRT(L24^2+V24^2) -> 2.4572357
A25: ='Empir ANSTO corr wheel2 only '!A47 -> 14CO_UR_DC_WATER_BLANK_3 | B25: UR-S09 | C25: -38.55 | D25: 0.6 | E25: ='Empir ANSTO corr'!B50 -> 4.0441851 | F25: ='Empir ANSTO corr'!C50 -> 0.11950233 | G25: ='Empir ANSTO corr'!P50 -> 3.5133032 | H25: ='Empir ANSTO corr'!Q50 -> 0.14448825 | I25: 24.048649 | J25: 2 | K25: 1173.868 | L25: =K25*G$6 -> 0.1173868 | M25: 22.6 | N25: =M25+273.15 -> 295.75 | O25: 0.2 | P25: 2314.141 | Q25: =P25*G$6 -> 0.2314141 | R25: 22.6 | S25: =R25+273.15 -> 295.75 | T25: 0.2 | U25: =P25/S25*N25 -> 2314.141 | V25: =U25*SQRT((Q25/P25)^2+(O25/N25)^2+(T25/S25)^2) -> 2.2252118 | W25: =U25-K25 -> 1140.273 | X25: =SQRT(L25^2+V25^2) -> 2.2283059
A26: ='Empir ANSTO corr wheel2 only '!A48 -> 14CO_UR_DC_ICE_SAMPLE_7 | B26: UR-S21 | C26: -38.55 | D26: 0.6 | E26: ='Empir ANSTO corr'!B51 -> 149.44623 | F26: ='Empir ANSTO corr'!C51 -> 1.277498 | G26: ='Empir ANSTO corr'!P51 -> 146.84721 | H26: ='Empir ANSTO corr'!Q51 -> 2.5989503 | I26: 101.01306 | J26: 2 | K26: 1505.475 | L26: =K26*G$6 -> 0.1505475 | M26: 22.7 | N26: =M26+273.15 -> 295.85 | O26: 0.2 | P26: 2643.06 | Q26: =P26*G$6 -> 0.264306 | R26: 22.7 | S26: =R26+273.15 -> 295.85 | T26: 0.2 | U26: =P26/S26*N26 -> 2643.06 | V26: =U26*SQRT((Q26/P26)^2+(O26/N26)^2+(T26/S26)^2) -> 2.5406411 | W26: =U26-K26 -> 1137.585 | X26: =SQRT(L26^2+V26^2) -> 2.5450976 | Y26: Forgot to close K16 and K13 at end of colleciton step. Did transfer to recollection can with K16 and K13 open. At end of transfer step, saw I had left them open when I went to reopen K13 and K16 to evacuate downstream at the end of recollection transfer step. Closed K13 and K16, called Aparajeo and Vas to discuss. We decided the sample was likely ok, so I continued as-normal. The normal yield on this sample looks like the sample was likley OK.
A27: ='Empir ANSTO corr wheel2 only '!A49 -> 14CO_UR_DC_ICE_SAMPLE_2 | B27: UR-S17 | C27: -38.55 | D27: 0.6 | E27: ='Empir ANSTO corr'!B52 -> 92.673496 | F27: ='Empir ANSTO corr'!C52 -> 7.9096185 | G27: ='Empir ANSTO corr'!P52 -> 90.88199 | H27: ='Empir ANSTO corr'!Q52 -> 8.5576347 | I27: 93.560394 | J27: 2 | K27: 1484.088 | L27: =K27*G$6 -> 0.1484088 | M27: 22.7 | N27: =M27+273.15 -> 295.85 | O27: 0.2 | P27: 2619.564 | Q27: =P27*G$6 -> 0.2619564 | R27: 22.7 | S27: =R27+273.15 -> 295.85 | T27: 0.2 | U27: =P27/S27*N27 -> 2619.564 | V27: =U27*SQRT((Q27/P27)^2+(O27/N27)^2+(T27/S27)^2) -> 2.5180556 | W27: =U27-K27 -> 1135.476 | X27: =SQRT(L27^2+V27^2) -> 2.5224253 | Y27: ~2 minutes before switching from UHP flush to sample, saw that the sharpie line on the trap 8 dewar wasn't visible. We decided to let the UHP flush run long while we made a new sharpie line. After drying the trap and before remarking the line, we saw the line was in fact visibile. Was blocked by some liquid water. Made sharpie line more visible. Also, sharpie lines on dewars 7 and 8 are at different heights--consider standardizing in future.
A28: ='Empir ANSTO corr wheel2 only '!A50 -> 14CO_UR_DC_FIRN_SAMPLE_2 | B28: UR-S18 | C28: -38.55 | D28: 0.6 | E28: ='Empir ANSTO corr'!B53 -> 123.12049 | F28: ='Empir ANSTO corr'!C53 -> 1.3689887 | G28: ='Empir ANSTO corr'!P53 -> 120.89592 | H28: ='Empir ANSTO corr'!Q53 -> 2.4302419 | I28: 87.228569 | J28: 2 | K28: 1284.296 | L28: =K28*G$6 -> 0.1284296 | M28: 22.6 | N28: =M28+273.15 -> 295.75 | O28: 0.2 | P28: 2422.262 | Q28: =P28*G$6 -> 0.2422262 | R28: 22.7 | S28: =R28+273.15 -> 295.85 | T28: 0.2 | U28: =P28/S28*N28 -> 2421.4433 | V28: =U28*SQRT((Q28/P28)^2+(O28/N28)^2+(T28/S28)^2) -> 2.3280014 | W28: =U28-K28 -> 1137.1473 | X28: =SQRT(L28^2+V28^2) -> 2.3315412
A29: ='Empir ANSTO corr wheel2 only '!A51 -> 14CO_UR_DC_ICE_SAMPLE_5 | B29: UR-S07 | C29: -38.55 | D29: 0.6 | E29: ='Empir ANSTO corr'!B54 -> 145.6941 | F29: ='Empir ANSTO corr'!C54 -> 1.2839818 | G29: ='Empir ANSTO corr'!P54 -> 143.14845 | H29: ='Empir ANSTO corr'!Q54 -> 2.5683011 | I29: 86.683087 | J29: 2 | K29: 1424.41 | L29: =K29*G$6 -> 0.142441 | M29: 22.3 | N29: =M29+273.15 -> 295.45 | O29: 0.2 | P29: 2563.186 | Q29: =P29*G$6 -> 0.2563186 | R29: 22.8 | S29: =R29+273.15 -> 295.95 | T29: 0.2 | U29: =P29/S29*N29 -> 2558.8556 | V29: =U29*SQRT((Q29/P29)^2+(O29/N29)^2+(T29/S29)^2) -> 2.4609365 | W29: =U29-K29 -> 1134.4456 | X29: =SQRT(L29^2+V29^2) -> 2.4650553 | Y29: KNFs failed leak check (~1.3 torr/min). Turned off KNFs, retightened all fittings, turned KNFs on again, let them run for ~40 mintues. Leak rate improved to ~1.1 torr/minute. We decided that was good enough, as it is far below our calculated limit.
A30: ='Empir ANSTO corr wheel2 only '!A52 -> 14CO_UR_DC_WATER_BLANK_5 | B30: UR-S01 | C30: -38.55 | D30: 0.6 | E30: ='Empir ANSTO corr'!B55 -> 4.5067109 | F30: ='Empir ANSTO corr'!C55 -> 0.12510277 | G30: ='Empir ANSTO corr'!P55 -> 3.9692502 | H30: ='Empir ANSTO corr'!Q55 -> 0.15378771 | I30: 39.772949 | J30: 2 | K30: 1337.056 | L30: =K30*G$6 -> 0.1337056 | M30: 22.2 | N30: =M30+273.15 -> 295.35 | O30: 0.2 | P30: 2470.317 | Q30: =P30*G$6 -> 0.2470317 | R30: 22.7 | S30: =R30+273.15 -> 295.85 | T30: 0.2 | U30: =P30/S30*N30 -> 2466.1421 | V30: =U30*SQRT((Q30/P30)^2+(O30/N30)^2+(T30/S30)^2) -> 2.3725645 | W30: =U30-K30 -> 1129.0861 | X30: =SQRT(L30^2+V30^2) -> 2.376329
A31: ='Empir ANSTO corr wheel2 only '!A53 -> 14CO_UR_DC_ICE_SAMPLE_14 | B31: UR-S05 | C31: -38.55 | D31: 0.6 | E31: ='Empir ANSTO corr'!B56 -> 158.45134 | F31: ='Empir ANSTO corr'!C56 -> 2.1211017 | G31: ='Empir ANSTO corr'!P56 -> 155.72424 | H31: ='Empir ANSTO corr'!Q56 -> 3.469419 | I31: 95.634398 | J31: 2 | K31: 1630.185 | L31: =K31*G$6 -> 0.1630185 | M31: 22.6 | N31: =M31+273.15 -> 295.75 | O31: 0.2 | P31: 2763.672 | Q31: =P31*G$6 -> 0.2763672 | R31: 22.9 | S31: =R31+273.15 -> 296.05 | T31: 0.2 | U31: =P31/S31*N31 -> 2760.8715 | V31: =U31*SQRT((Q31/P31)^2+(O31/N31)^2+(T31/S31)^2) -> 2.6534448 | W31: =U31-K31 -> 1130.6865 | X31: =SQRT(L31^2+V31^2) -> 2.6584477 | Y31: Repeating KNF pump leak test with H closed: 0:00 0.056 torr, 1:00 1.621 torr, 2:00 2.699 torr, 3:00 3.812 torr.
A32: ='Empir ANSTO corr wheel2 only '!A54 -> DRY INJ EXT BLK | B32: UR-S24 | C32: -38.55 | D32: 0.6 | E32: ='Empir ANSTO corr'!B57 -> 6.1573429 | F32: ='Empir ANSTO corr'!C57 -> 0.14180456 | G32: ='Empir ANSTO corr'!P57 -> 5.5964043 | H32: ='Empir ANSTO corr'!Q57 -> 0.18405854 | I32: 12.18371 | J32: 2 | K32: 1893.318 | L32: =K32*G$6 -> 0.1893318 | M32: 22.6 | N32: =M32+273.15 -> 295.75 | O32: 0.2 | P32: 2779.289 | Q32: =P32*G$6 -> 0.2779289 | R32: 22.6 | S32: =R32+273.15 -> 295.75 | T32: 1.2 | U32: =P32/S32*N32 -> 2779.289 | V32: =U32*SQRT((Q32/P32)^2+(O32/N32)^2+(T32/S32)^2) -> 11.435841 | W32: =U32-K32 -> 885.971 | X32: =SQRT(L32^2+V32^2) -> 11.437408 | Y32: The line between H1 and SilcoCan was exposed to high CO (4.5 ppm) overnight from a opened Essex tank. Flush-evacuated three times before leak check
A33: ='Empir ANSTO corr wheel2 only '!A55 -> HOT-DRY BLK | B33: UR-S25 | C33: -38.55 | D33: 0.6 | E33: ='Empir ANSTO corr'!B58 -> 9.2717102 | F33: ='Empir ANSTO corr'!C58 -> 0.17630831 | G33: ='Empir ANSTO corr'!P58 -> 8.6664743 | H33: ='Empir ANSTO corr'!Q58 -> 0.24450362 | I33: 143.11036 | J33: 2 | K33: 1980.644 | L33: =K33*G$6 -> 0.1980644 | M33: 22.6 | N33: =M33+273.15 -> 295.75 | O33: 0.2 | P33: 2800.301 | Q33: =P33*G$6 -> 0.2800301 | R33: 22.7 | S33: =R33+273.15 -> 295.85 | T33: 2.2 | U33: =P33/S33*N33 -> 2799.3545 | V33: =U33*SQRT((Q33/P33)^2+(O33/N33)^2+(T33/S33)^2) -> 20.904336 | W33: =U33-K33 -> 818.71047 | X33: =SQRT(L33^2+V33^2) -> 20.905274
A35: ='Empir ANSTO corr wheel2 only '!A56 -> 14CO_UR_DC_10_PPM_CO_STD_1 | C35: -38.55 | D35: 0.6 | E35: ='Empir ANSTO corr'!B59 -> 1.7301365 | F35: ='Empir ANSTO corr'!C59 -> 0.11380045 | G35: ='Empir ANSTO corr'!P59 -> 1.2321685 | H35: ='Empir ANSTO corr'!Q59 -> 0.11924657 | I35: 10230 | J35: 50
A36: ='Empir ANSTO corr wheel2 only '!A57 -> 14CO_UR_DC_10_PPM_CO_STD_2 | C36: -38.55 | D36: 0.6 | E36: ='Empir ANSTO corr'!B60 -> 1.2502698 | F36: ='Empir ANSTO corr'!C60 -> 0.073800361 | G36: ='Empir ANSTO corr'!P60 -> 0.75912722 | H36: ='Empir ANSTO corr'!Q60 -> 0.078442608 | I36: 10230 | J36: 50
A37: 10 ppm CO average / true 14C | C37: -38.55 | D37: 0.6 | E37: =AVERAGE(E35:E36) -> 1.4902031 | F37: =STDEV(E35:E36) -> 0.339317 | G37: =AVERAGE(G35:G36) -> 0.99564786 | H37: =STDEV(G35:G36) -> 0.33449071 | I37: 10230 | J37: 50
A40: Sample | B40: fraction of CO from std | C40: [CO] sample * P sample | D40: Error | E40: [CO]std*Pstd | F40: Error | G40: [CO]f*Pf = [CO]sa*Psa + [CO]std*Pstd | H40: Error | I40: Dilution factor for CO carbon | J40: Final [CO] in diluted sample, ppb | K40: Error | L40: 14CO molecules per cc STP in diluted tanks | M40: Error | N40: [CO] in diluted tanks that is due to 10 ppm gas only | O40: Error | P40: 14CO molecules per cc in diluted tanks due to 10 ppm std | Q40: Error | R40: 14CO molecules per cc STP in diluted tanks corrected for 14CO from 10 ppm tank | S40: Error | T40: Air dilution factor | U40: Error | V40: 14CO molecules per cc STP further corrected for air dilution | W40: Error | X40: Dissolution correction factor | Y40: Error | Z40: 14CO molecules per cc STP further corrected for dissolution | AA40: Error | AB40: 14CO molecules per cc corrected for avg water blank | AC40: Error | AD40: Expected [CO] in ice, ppb | AE40: Error | AF40: Extraneous [CO] expected based on water blanks, ppb | AG40: Error | AH40: "Other" extraneous CO in samples, ppb | AI40: Error | AJ40: pMC of this extra CO | AK40: Error | AL40: 14CO contribution from this extra CO contamination, molecules / cc STP | AM40: Error | AN40: 14CO further corrected for this extraneous CO, molecules / cc STP | AO40: Error | AP40: Atmospheric 14CO originally trapped in sample ice, molecules / cc STP | AQ40: Error | AR40: Gas age, yrs before measurement date | AS40: Atmospheric 14CO after decay, molecules/cc STP | AT40: Error | AU40: Sample 14CO further corrected for atmospheric 14CO, molecules/ cc STP | AV40: Error | AW40: Air content, cc STP/g | AX40: Error | AY40: 14CO molecules / g ice | AZ40: Error (1-sigma) | BA40: Relative 1-sigma error, %
A41: =A9 -> 14CO_DIRECT_FILL_WITH_14C_MODERN_STANDARD | B41: =(I$37*W9)/(I$37*W9+I9*K9) -> 0.98688867 | C41: =I9*K9 -> 129768.09 | D41: =C41*SQRT((J9/I9)^2+(L9/K9)^2) -> 3680.1589 | E41: =W9*I$37 -> 9767634.6 | F41: =E41*SQRT((X9/W9)^2+(J$37/I$37)^2) -> 55120.473 | G41: =C41+E41 -> 9897402.7 | H41: =SQRT(D41^2+F41^2) -> 55243.19 | I41: =(C41+E41)/C41 -> 76.269925 | J41: =G41/U9 -> 3541.2735 | K41: =J41*SQRT((H41/G41)^2+(V9/U9)^2) -> 20.056992 | L41: =G9/100*EXP(-L$69*76)*(1+C9/1000)^2/0.975^2*1.1698*10^-12*J41/10^9/1000/22.4*6.02*10^23 -> 11.441123 | M41: =L41*SQRT((H9/G9)^2+(K41/J41)^2) -> 0.29957703 | N41: =I$37/U9*W9 -> 3494.8427 | O41: =N41*SQRT((J$37/I$37)^2+(V9/U9)^2+(X9/W9)^2) -> 20.006177 | P41: =G$37/100*EXP(-L$69*76)*(1+C$37/1000)^2/0.975^2*1.1698*10^-12*N41/10^9/1000/22.4*6.02*10^23 -> 1.0540105 | Q41: =P41*SQRT((H$37/G$37)^2+(O41/N41)^2) -> 0.35414921 | R41: =L41-P41 -> 10.387113 | S41: =SQRT(M41^2+Q41^2) -> 0.46386211 | T41: =U9/K9 -> 1.5188955 | U41: =T41*SQRT((L9/K9)^2+(V9/U9)^2) -> 0.0014681604 | V41: =R41*T41 -> 15.776939 | W41: =V41*SQRT((U41/T41)^2+(S41/R41)^2) -> 0.70472309
A42: =A10 -> 14CO_UR_DC_WATER_BLANK_2 | B42: =(I$37*W10)/(I$37*W10+I10*K10) -> 0.98312622 | C42: =I10*K10 -> 155783.7 | D42: =C42*SQRT((J10/I10)^2+(L10/K10)^2) -> 3802.4579 | E42: =W10*I$37 -> 9076511.5 | F42: =E42*SQRT((X10/W10)^2+(J$37/I$37)^2) -> 52191.257 | G42: =C42+E42 -> 9232295.2 | H42: =SQRT(D42^2+F42^2) -> 52329.59 | I42: =(C42+E42)/C42 -> 59.26355 | J42: =G42/U10 -> 3310.8968 | K42: =J42*SQRT((H42/G42)^2+(V10/U10)^2) -> 19.034544 | L42: =G10/100*EXP(-L$69*76)*(1+C10/1000)^2/0.975^2*1.1698*10^-12*J42/10^9/1000/22.4*6.02*10^23 -> 11.210136 | M42: =L42*SQRT((H10/G10)^2+(K42/J42)^2) -> 0.40604246 | N42: =I$37/U10*W10 -> 3255.0295 | O42: =N42*SQRT((J$37/I$37)^2+(V10/U10)^2+(X10/W10)^2) -> 18.976704 | P42: =G$37/100*EXP(-L$69*76)*(1+C$37/1000)^2/0.975^2*1.1698*10^-12*N42/10^9/1000/22.4*6.02*10^23 -> 0.9816852 | Q42: =P42*SQRT((H$37/G$37)^2+(O42/N42)^2) -> 0.32984956 | R42: =L42-P42 -> 10.228451 | S42: =SQRT(M42^2+Q42^2) -> 0.52313595 | T42: =U10/K10 -> 1.4666729 | U42: =T42*SQRT((L10/K10)^2+(V10/U10)^2) -> 0.0014176821 | V42: =R42*T42 -> 15.001791 | W42: =V42*SQRT((U42/T42)^2+(S42/R42)^2) -> 0.76740631 | X42: 0.99618739 | Y42: 0.00050614908 | Z42: =V42/X42 -> 15.059206 | AA42: =Z42*SQRT((W42/V42)^2+(Y42/X42)^2) -> 0.77038133
A43: =A11 -> 14CO_UR_DC_ICE_SAMPLE_10 | B43: =(I$37*W11)/(I$37*W11+I11*K11) -> 0.98333391 | C43: =I11*K11 -> 197592.91 | D43: =C43*SQRT((J11/I11)^2+(L11/K11)^2) -> 2667.3292 | E43: =W11*I$37 -> 11658392 | F43: =E43*SQRT((X11/W11)^2+(J$37/I$37)^2) -> 61971.343 | G43: =C43+E43 -> 11855985 | H43: =SQRT(D43^2+F43^2) -> 62028.719 | I43: =(C43+E43)/C43 -> 60.002076 | J43: =G43/U11 -> 4793.6752 | K43: =J43*SQRT((H43/G43)^2+(V11/U11)^2) -> 25.499717 | L43: =G11/100*EXP(-L$69*76)*(1+C11/1000)^2/0.975^2*1.1698*10^-12*J43/10^9/1000/22.4*6.02*10^23 -> 167.766 | M43: =L43*SQRT((H11/G11)^2+(K43/J43)^2) -> 2.7511203 | N43: =I$37/U11*W11 -> 4713.7834 | O43: =N43*SQRT((J$37/I$37)^2+(V11/U11)^2+(X11/W11)^2) -> 25.463119 | P43: =G$37/100*EXP(-L$69*76)*(1+C$37/1000)^2/0.975^2*1.1698*10^-12*N43/10^9/1000/22.4*6.02*10^23 -> 1.4216312 | Q43: =P43*SQRT((H$37/G$37)^2+(O43/N43)^2) -> 0.47766273 | R43: =L43-P43 -> 166.34436 | S43: =SQRT(M43^2+Q43^2) -> 2.7922794 | T43: =U11/K11 -> 1.8545319 | U43: =T43*SQRT((L11/K11)^2+(V11/U11)^2) -> 0.0017925857 | V43: =R43*T43 -> 308.49094 | W43: =V43*SQRT((U43/T43)^2+(S43/R43)^2) -> 5.1869495 | X43: 0.9967539 | Y43: 0.00043132464 | Z43: =V43/X43 -> 309.49559 | AA43: =Z43*SQRT((W43/V43)^2+(Y43/X43)^2) -> 5.2055648 | AB43: =Z43-Z$67 -> 301.17211 | AC43: =SQRT(AA43^2+Z$68^2) -> 5.2545911 | AD43: 37.5 | AE43: 2.5 | AF43: 41.2 | AG43: 5 | AH43: =I11-AD43-AF43 -> 69.461936 | AI43: =SQRT(J11^2+AE43^2+AG43^2) -> 5.937171 | AJ43: 50 | AK43: 25 | AL43: =AJ43/100*EXP(-L$69*76)*1.1698*10^-12*AH43/10^9/1000/22.4*6.02*10^23 -> 1.0818929 | AM43: =AL43*SQRT((AI43/AH43)^2+(AK43/AJ43)^2) -> 0.54879357 | AN43: =AB43-AL43 -> 300.09022 | AO43: =SQRT(AC43^2+AM43^2) -> 5.2831716 | AP43: 13.6 | AQ43: 1 | AR43: ='14CO vs depth'!G16 -> 7077.6651 | AS43: =AP43*EXP(-L$69*AR43) -> 5.7770825 | AT43: =AQ43*EXP(-L$69*AR43) -> 0.42478548 | AU43: =AN43-AS43 -> 294.31314 | AV43: =SQRT(AO43^2+AT43^2) -> 5.3002212 | AW43: ='Air Content'!H13 -> 0.08795923 | AX43: ='Air Content'!I13 -> 0.00028227444 | AY43: =AU43*AW43 -> 25.887557 | AZ43: =AY43*SQRT((AX43/AW43)^2+(AV43/AU43)^2) -> 0.47354766 | BA43: =AZ43/AY43*100 -> 1.8292482
A44: =A12 -> 14CO_UR_DC_ICE_SAMPLE_6 | B44: =(I$37*W12)/(I$37*W12+I12*K12) -> 0.98461377 | C44: =I12*K12 -> 182491.09 | D44: =C44*SQRT((J12/I12)^2+(L12/K12)^2) -> 2731.885 | E44: =W12*I$37 -> 11678185 | F44: =E44*SQRT((X12/W12)^2+(J$37/I$37)^2) -> 62200.272 | G44: =C44+E44 -> 11860676 | H44: =SQRT(D44^2+F44^2) -> 62260.237 | I44: =(C44+E44)/C44 -> 64.993182 | J44: =G44/U12 -> 4730.1282 | K44: =J44*SQRT((H44/G44)^2+(V12/U12)^2) -> 25.243418 | L44: =G12/100*EXP(-L$69*76)*(1+C12/1000)^2/0.975^2*1.1698*10^-12*J44/10^9/1000/22.4*6.02*10^23 -> 194.48912 | M44: =L44*SQRT((H12/G12)^2+(K44/J44)^2) -> 4.0815255 | N44: =I$37/U12*W12 -> 4657.3494 | O44: =N44*SQRT((J$37/I$37)^2+(V12/U12)^2+(X12/W12)^2) -> 25.207356 | P44: =G$37/100*EXP(-L$69*76)*(1+C$37/1000)^2/0.975^2*1.1698*10^-12*N44/10^9/1000/22.4*6.02*10^23 -> 1.4046112 | Q44: =P44*SQRT((H$37/G$37)^2+(O44/N44)^2) -> 0.47194434 | R44: =L44-P44 -> 193.08451 | S44: =SQRT(M44^2+Q44^2) -> 4.1087202 | T44: =U12/K12 -> 1.8357512 | U44: =T44*SQRT((L12/K12)^2+(V12/U12)^2) -> 0.0017756071 | V44: =R44*T44 -> 354.45512 | W44: =V44*SQRT((U44/T44)^2+(S44/R44)^2) -> 7.5503759 | X44: 0.99625684 | Y44: 0.00049448647 | Z44: =V44/X44 -> 355.78689 | AA44: =Z44*SQRT((W44/V44)^2+(Y44/X44)^2) -> 7.5808014 | AB44: =Z44-Z$67 -> 347.46341 | AC44: =SQRT(AA44^2+Z$68^2) -> 7.6145501 | AD44: 37.5 | AE44: 2.5 | AF44: 41.2 | AG44: 5 | AH44: =I12-AD44-AF44 -> 54.903838 | AI44: =SQRT(J12^2+AE44^2+AG44^2) -> 5.937171 | AJ44: 50 | AK44: 25 | AL44: =AJ44/100*EXP(-L$69*76)*1.1698*10^-12*AH44/10^9/1000/22.4*6.02*10^23 -> 0.85514563 | AM44: =AL44*SQRT((AI44/AH44)^2+(AK44/AJ44)^2) -> 0.43745839 | AN44: =AB44-AL44 -> 346.60827 | AO44: =SQRT(AC44^2+AM44^2) -> 7.6271058 | AP44: 13.6 | AQ44: 1 | AR44: ='14CO vs depth'!G12 -> 4194.9091 | AS44: =AP44*EXP(-L$69*AR44) -> 8.1875936 | AT44: =AQ44*EXP(-L$69*AR44) -> 0.60202894 | AU44: =AN44-AS44 -> 338.42067 | AV44: =SQRT(AO44^2+AT44^2) -> 7.6508288 | AW44: ='Air Content'!H9 -> 0.087660152 | AX44: ='Air Content'!I9 -> 0.00079321555 | AY44: =AU44*AW44 -> 29.666008 | AZ44: =AY44*SQRT((AX44/AW44)^2+(AV44/AU44)^2) -> 0.72240041 | BA44: =AZ44/AY44*100 -> 2.4351116
A45: =A13 -> 14CO_UR_DC_ICE_SAMPLE_13 | B45: =(I$37*W13)/(I$37*W13+I13*K13) -> 0.98667242 | C45: =I13*K13 -> 157081.62 | D45: =C45*SQRT((J13/I13)^2+(L13/K13)^2) -> 3233.0702 | E45: =W13*I$37 -> 11629126 | F45: =E45*SQRT((X13/W13)^2+(J$37/I$37)^2) -> 62975.227 | G45: =C45+E45 -> 11786208 | H45: =SQRT(D45^2+F45^2) -> 63058.164 | I45: =(C45+E45)/C45 -> 75.03238 | J45: =G45/U13 -> 4280.7834 | K45: =J45*SQRT((H45/G45)^2+(V13/U13)^2) -> 23.269377 | L45: =G13/100*EXP(-L$69*76)*(1+C13/1000)^2/0.975^2*1.1698*10^-12*J45/10^9/1000/22.4*6.02*10^23 -> 197.98482 | M45: =L45*SQRT((H13/G13)^2+(K45/J45)^2) -> 3.2596187 | N45: =I$37/U13*W13 -> 4223.7309 | O45: =N45*SQRT((J$37/I$37)^2+(V13/U13)^2+(X13/W13)^2) -> 23.230088 | P45: =G$37/100*EXP(-L$69*76)*(1+C$37/1000)^2/0.975^2*1.1698*10^-12*N45/10^9/1000/22.4*6.02*10^23 -> 1.2738361 | Q45: =P45*SQRT((H$37/G$37)^2+(O45/N45)^2) -> 0.42800617 | R45: =L45-P45 -> 196.71099 | S45: =SQRT(M45^2+Q45^2) -> 3.2875984 | T45: =U13/K13 -> 1.7032204 | U45: =T45*SQRT((L13/K13)^2+(V13/U13)^2) -> 0.0016455117 | V45: =R45*T45 -> 335.04216 | W45: =V45*SQRT((U45/T45)^2+(S45/R45)^2) -> 5.6088526 | X45: 0.99593669 | Y45: 0.00053770844 | Z45: =V45/X45 -> 336.4091 | AA45: =Z45*SQRT((W45/V45)^2+(Y45/X45)^2) -> 5.6346642 | AB45: =Z45-Z$67 -> 328.08562 | AC45: =SQRT(AA45^2+Z$68^2) -> 5.6799879 | AD45: 37.5 | AE45: 2.5 | AF45: 36.2 | AG45: 5 | AH45: =I13-AD45-AF45 -> 23.472947 | AI45: =SQRT(J13^2+AE45^2+AG45^2) -> 5.937171 | AJ45: 50 | AK45: 25 | AL45: =AJ45/100*EXP(-L$69*76)*1.1698*10^-12*AH45/10^9/1000/22.4*6.02*10^23 -> 0.36559899 | AM45: =AL45*SQRT((AI45/AH45)^2+(AK45/AJ45)^2) -> 0.20485846 | AN45: =AB45-AL45 -> 327.72002 | AO45: =SQRT(AC45^2+AM45^2) -> 5.683681 | AP45: 13.6 | AQ45: 1 | AR45: ='14CO vs depth'!G20 -> 1967.505 | AS45: =AP45*EXP(-L$69*AR45) -> 10.719501 | AT45: =AQ45*EXP(-L$69*AR45) -> 0.78819864 | AU45: =AN45-AS45 -> 317.00052 | AV45: =SQRT(AO45^2+AT45^2) -> 5.7380735 | AW45: ='Air Content'!H16 -> 0.085450372 | AX45: ='Air Content'!I16 -> 0.00039820107 | AY45: =AU45*AW45 -> 27.087812 | AZ45: =AY45*SQRT((AX45/AW45)^2+(AV45/AU45)^2) -> 0.50630841 | BA45: =AZ45/AY45*100 -> 1.8691373
A46: =A14 -> 14CO_UR_DC_FIRN_EXTRACTION_3 | B46: =(I$37*W14)/(I$37*W14+I14*K14) -> 0.98909645 | C46: =I14*K14 -> 128393.07 | D46: =C46*SQRT((J14/I14)^2+(L14/K14)^2) -> 2786.7476 | E46: =W14*I$37 -> 11646949 | F46: =E46*SQRT((X14/W14)^2+(J$37/I$37)^2) -> 62146.685 | G46: =C46+E46 -> 11775342 | H46: =SQRT(D46^2+F46^2) -> 62209.134 | I46: =(C46+E46)/C46 -> 91.713222 | J46: =G46/U14 -> 4650.8512 | K46: =J46*SQRT((H46/G46)^2+(V14/U14)^2) -> 24.973721 | L46: =G14/100*EXP(-L$69*76)*(1+C14/1000)^2/0.975^2*1.1698*10^-12*J46/10^9/1000/22.4*6.02*10^23 -> 125.61631 | M46: =L46*SQRT((H14/G14)^2+(K46/J46)^2) -> 2.9183351 | N46: =I$37/U14*W14 -> 4600.1404 | O46: =N46*SQRT((J$37/I$37)^2+(V14/U14)^2+(X14/W14)^2) -> 24.940769 | P46: =G$37/100*EXP(-L$69*76)*(1+C$37/1000)^2/0.975^2*1.1698*10^-12*N46/10^9/1000/22.4*6.02*10^23 -> 1.3873575 | Q46: =P46*SQRT((H$37/G$37)^2+(O46/N46)^2) -> 0.46614737 | R46: =L46-P46 -> 124.22895 | S46: =SQRT(M46^2+Q46^2) -> 2.9553296 | T46: =U14/K14 -> 1.8170968 | U46: =T46*SQRT((L14/K14)^2+(V14/U14)^2) -> 0.0017558201 | V46: =R46*T46 -> 225.73604 | W46: =V46*SQRT((U46/T46)^2+(S46/R46)^2) -> 5.3745481 | X46: 0.99674792 | Y46: 0.000430761 | Z46: =V46/X46 -> 226.47254 | AA46: =Z46*SQRT((W46/V46)^2+(Y46/X46)^2) -> 5.3929718 | AB46: =Z46-Z$67 -> 218.14907 | AC46: =SQRT(AA46^2+Z$68^2) -> 5.4403095 | AD46: 37.5 | AE46: 2.5 | AF46: 21.7 | AG46: 5 | AH46: =I14-AF46 -> 70.44644 | AI46: =SQRT(J14^2+AG46^2) -> 5.3851648 | AJ46: 50 | AK46: 25 | AL46: =AJ46/100*EXP(-L$69*76)*1.1698*10^-12*AH46/10^9/1000/22.4*6.02*10^23 -> 1.0972269 | AM46: =AL46*SQRT((AI46/AH46)^2+(AK46/AJ46)^2) -> 0.55498814 | AN46: =AB46-AL46 -> 217.05184 | AO46: =SQRT(AC46^2+AM46^2) -> 5.4685446 | AP46: 0 | AQ46: 0 | AS46: =AP46*EXP(-L$69*AR46) -> 0 | AT46: =AQ46*EXP(-L$69*AR46) -> 0 | AU46: =AN46-AS46 -> 217.05184 | AV46: =SQRT(AO46^2+AT46^2) -> 5.4685446 | AW46: ='Air Content'!X25 -> 0.086647942 | AX46: ='Air Content'!Y25 -> 0.0012229534 | AY46: =AU46*AW46 -> 18.807095 | AZ46: =AY46*SQRT((AX46/AW46)^2+(AV46/AU46)^2) -> 0.5431236 | BA46: =AZ46/AY46*100 -> 2.8878654
A47: =A15 -> 14CO_UR_DC_WATER_BLANK_4B | B47: =(I$37*W15)/(I$37*W15+I15*K15) -> 0.99526249 | C47: =I15*K15 -> 55228.565 | D47: =C47*SQRT((J15/I15)^2+(L15/K15)^2) -> 2592.7639 | E47: =W15*I$37 -> 11602489 | F47: =E47*SQRT((X15/W15)^2+(J$37/I$37)^2) -> 61555.019 | G47: =C47+E47 -> 11657718 | H47: =SQRT(D47^2+F47^2) -> 61609.6 | I47: =(C47+E47)/C47 -> 211.08131 | J47: =G47/U15 -> 4796.3446 | K47: =J47*SQRT((H47/G47)^2+(V15/U15)^2) -> 25.764109 | L47: =G15/100*EXP(-L$69*76)*(1+C15/1000)^2/0.975^2*1.1698*10^-12*J47/10^9/1000/22.4*6.02*10^23 -> 6.0200332 | M47: =L47*SQRT((H15/G15)^2+(K47/J47)^2) -> 0.22771606 | N47: =I$37/U15*W15 -> 4773.6219 | O47: =N47*SQRT((J$37/I$37)^2+(V15/U15)^2+(X15/W15)^2) -> 25.738112 | P47: =G$37/100*EXP(-L$69*76)*(1+C$37/1000)^2/0.975^2*1.1698*10^-12*N47/10^9/1000/22.4*6.02*10^23 -> 1.4396779 | Q47: =P47*SQRT((H$37/G$37)^2+(O47/N47)^2) -> 0.48372613 | R47: =L47-P47 -> 4.5803553 | S47: =SQRT(M47^2+Q47^2) -> 0.53464527 | T47: =U15/K15 -> 1.8748701 | U47: =T47*SQRT((L15/K15)^2+(V15/U15)^2) -> 0.0018122444 | V47: =R47*T47 -> 8.587571 | W47: =V47*SQRT((U47/T47)^2+(S47/R47)^2) -> 1.0024248 | X47: 0.99676842 | Y47: 0.000428361 | Z47: =V47/X47 -> 8.6154124 | AA47: =Z47*SQRT((W47/V47)^2+(Y47/X47)^2) -> 1.0056815
A48: =A16 -> 14CO_UR_DC_ICE_SAMPLE_8 | B48: =(I$37*W16)/(I$37*W16+I16*K16) -> 0.98419584 | C48: =I16*K16 -> 184719.63 | D48: =C48*SQRT((J16/I16)^2+(L16/K16)^2) -> 2616.9612 | E48: =W16*I$37 -> 11503317 | F48: =E48*SQRT((X16/W16)^2+(J$37/I$37)^2) -> 61126.027 | G48: =C48+E48 -> 11688036 | H48: =SQRT(D48^2+F48^2) -> 61182.021 | I48: =(C48+E48)/C48 -> 63.274467 | J48: =G48/U16 -> 4804.1248 | K48: =J48*SQRT((H48/G48)^2+(V16/U16)^2) -> 25.568932 | L48: =G16/100*EXP(-L$69*76)*(1+C16/1000)^2/0.975^2*1.1698*10^-12*J48/10^9/1000/22.4*6.02*10^23 -> 185.26834 | M48: =L48*SQRT((H16/G16)^2+(K48/J48)^2) -> 3.3064643 | N48: =I$37/U16*W16 -> 4728.1996 | O48: =N48*SQRT((J$37/I$37)^2+(V16/U16)^2+(X16/W16)^2) -> 25.533178 | P48: =G$37/100*EXP(-L$69*76)*(1+C$37/1000)^2/0.975^2*1.1698*10^-12*N48/10^9/1000/22.4*6.02*10^23 -> 1.425979 | Q48: =P48*SQRT((H$37/G$37)^2+(O48/N48)^2) -> 0.47912354 | R48: =L48-P48 -> 183.84236 | S48: =SQRT(M48^2+Q48^2) -> 3.3409976 | T48: =U16/K16 -> 1.8593913 | U48: =T48*SQRT((L16/K16)^2+(V16/U16)^2) -> 0.0017987732 | V48: =R48*T48 -> 341.83489 | W48: =V48*SQRT((U48/T48)^2+(S48/R48)^2) -> 6.2210176 | X48: 0.9969065 | Y48: 0.00041023445 | Z48: =V48/X48 -> 342.89563 | AA48: =Z48*SQRT((W48/V48)^2+(Y48/X48)^2) -> 6.2419171 | AB48: =Z48-Z$67 -> 334.57216 | AC48: =SQRT(AA48^2+Z$68^2) -> 6.2828618 | AD48: 37.5 | AE48: 2.5 | AF48: 41.2 | AG48: 5 | AH48: =I16-AD48-AF48 -> 62.474607 | AI48: =SQRT(J16^2+AE48^2+AG48^2) -> 5.937171 | AJ48: 50 | AK48: 25 | AL48: =AJ48/100*EXP(-L$69*76)*1.1698*10^-12*AH48/10^9/1000/22.4*6.02*10^23 -> 0.97306289 | AM48: =AL48*SQRT((AI48/AH48)^2+(AK48/AJ48)^2) -> 0.49524154 | AN48: =AB48-AL48 -> 333.59909 | AO48: =SQRT(AC48^2+AM48^2) -> 6.30235 | AP48: 13.6 | AQ48: 1 | AR48: ='14CO vs depth'!G14 -> 5569.2137 | AS48: =AP48*EXP(-L$69*AR48) -> 6.9335584 | AT48: =AQ48*EXP(-L$69*AR48) -> 0.50982047 | AU48: =AN48-AS48 -> 326.66553 | AV48: =SQRT(AO48^2+AT48^2) -> 6.3229371 | AW48: ='Air Content'!H11 -> 0.088436208 | AX48: ='Air Content'!I11 -> 0.00028666959 | AY48: =AU48*AW48 -> 28.889061 | AZ48: =AY48*SQRT((AX48/AW48)^2+(AV48/AU48)^2) -> 0.56696371 | BA48: =AZ48/AY48*100 -> 1.962555
A49: =A17 -> 14CO_UR_DC_FIRN_SAMPLE_1 | B49: =(I$37*W17)/(I$37*W17+I17*K17) -> 0.9903251 | C49: =I17*K17 -> 114484.95 | D49: =C49*SQRT((J17/I17)^2+(L17/K17)^2) -> 2735.706 | E49: =W17*I$37 -> 11718711 | F49: =E49*SQRT((X17/W17)^2+(J$37/I$37)^2) -> 62400.164 | G49: =C49+E49 -> 11833195 | H49: =SQRT(D49^2+F49^2) -> 62460.103 | I49: =(C49+E49)/C49 -> 103.36027 | J49: =G49/U17 -> 4708.1086 | K49: =J49*SQRT((H49/G49)^2+(V17/U17)^2) -> 25.260183 | L49: =G17/100*EXP(-L$69*76)*(1+C17/1000)^2/0.975^2*1.1698*10^-12*J49/10^9/1000/22.4*6.02*10^23 -> 241.10059 | M49: =L49*SQRT((H17/G17)^2+(K49/J49)^2) -> 4.3436669 | N49: =I$37/U17*W17 -> 4662.5582 | O49: =N49*SQRT((J$37/I$37)^2+(V17/U17)^2+(X17/W17)^2) -> 25.228901 | P49: =G$37/100*EXP(-L$69*76)*(1+C$37/1000)^2/0.975^2*1.1698*10^-12*N49/10^9/1000/22.4*6.02*10^23 -> 1.4061821 | Q49: =P49*SQRT((H$37/G$37)^2+(O49/N49)^2) -> 0.47247213 | R49: =L49-P49 -> 239.69441 | S49: =SQRT(M49^2+Q49^2) -> 4.3692874 | T49: =U17/K17 -> 1.8374687 | U49: =T49*SQRT((L17/K17)^2+(V17/U17)^2) -> 0.0017763861 | V49: =R49*T49 -> 440.43097 | W49: =V49*SQRT((U49/T49)^2+(S49/R49)^2) -> 8.0397117 | X49: 0.99786625 | Y49: 0.00028467589 | Z49: =V49/X49 -> 441.37275 | AA49: =Z49*SQRT((W49/V49)^2+(Y49/X49)^2) -> 8.057887 | AB49: =Z49-Z$67 -> 433.04927 | AC49: =SQRT(AA49^2+Z$68^2) -> 8.0896456 | AD49: 37.5 | AE49: 2.5 | AF49: 21.7 | AG49: 5 | AH49: =I17-AF49 -> 61.997556 | AI49: =SQRT(J17^2+AG49^2) -> 5.3851648 | AJ49: 50 | AK49: 25 | AL49: =AJ49/100*EXP(-L$69*76)*1.1698*10^-12*AH49/10^9/1000/22.4*6.02*10^23 -> 0.96563267 | AM49: =AL49*SQRT((AI49/AH49)^2+(AK49/AJ49)^2) -> 0.4900477 | AN49: =AB49-AL49 -> 432.08364 | AO49: =SQRT(AC49^2+AM49^2) -> 8.1044749 | AP49: 0 | AQ49: 0 | AS49: =AP49*EXP(-L$69*AR49) -> 0 | AT49: =AQ49*EXP(-L$69*AR49) -> 0 | AU49: =AN49-AS49 -> 432.08364 | AV49: =SQRT(AO49^2+AT49^2) -> 8.1044749 | AW49: ='Air Content'!X23 -> 0.1074768 | AX49: ='Air Content'!Y23 -> 0.0017139453 | AY49: =AU49*AW49 -> 46.438967 | AZ49: =AY49*SQRT((AX49/AW49)^2+(AV49/AU49)^2) -> 1.1433095 | BA49: =AZ49/AY49*100 -> 2.4619615
A50: =A18 -> 14CO_UR_DC_ICE_SAMPLE_11 | B50: =(I$37*W18)/(I$37*W18+I18*K18) -> 0.98656496 | C50: =I18*K18 -> 157219.42 | D50: =C50*SQRT((J18/I18)^2+(L18/K18)^2) -> 3082.4961 | E50: =W18*I$37 -> 11544976 | F50: =E50*SQRT((X18/W18)^2+(J$37/I$37)^2) -> 62251.75 | G50: =C50+E50 -> 11702195 | H50: =SQRT(D50^2+F50^2) -> 62328.02 | I50: =(C50+E50)/C50 -> 74.43225 | J50: =G50/U18 -> 4383.2237 | K50: =J50*SQRT((H50/G50)^2+(V18/U18)^2) -> 23.722757 | L50: =G18/100*EXP(-L$69*76)*(1+C18/1000)^2/0.975^2*1.1698*10^-12*J50/10^9/1000/22.4*6.02*10^23 -> 141.64166 | M50: =L50*SQRT((H18/G18)^2+(K50/J50)^2) -> 2.3057671 | N50: =I$37/U18*W18 -> 4324.3349 | O50: =N50*SQRT((J$37/I$37)^2+(V18/U18)^2+(X18/W18)^2) -> 23.68465 | P50: =G$37/100*EXP(-L$69*76)*(1+C$37/1000)^2/0.975^2*1.1698*10^-12*N50/10^9/1000/22.4*6.02*10^23 -> 1.3041773 | Q50: =P50*SQRT((H$37/G$37)^2+(O50/N50)^2) -> 0.43820027 | R50: =L50-P50 -> 140.33748 | S50: =SQRT(M50^2+Q50^2) -> 2.3470368 | T50: =U18/K18 -> 1.732235 | U50: =T50*SQRT((L18/K18)^2+(V18/U18)^2) -> 0.0016735444 | V50: =R50*T50 -> 243.0975 | W50: =V50*SQRT((U50/T50)^2+(S50/R50)^2) -> 4.0723973 | X50: 0.99601766 | Y50: 0.00052700298 | Z50: =V50/X50 -> 244.06947 | AA50: =Z50*SQRT((W50/V50)^2+(Y50/X50)^2) -> 4.0907187 | AB50: =Z50-Z$67 -> 235.74599 | AC50: =SQRT(AA50^2+Z$68^2) -> 4.152927 | AD50: 37.5 | AE50: 2.5 | AF50: 36.2 | AG50: 5 | AH50: =I18-AD50-AF50 -> 28.309193 | AI50: =SQRT(J18^2+AE50^2+AG50^2) -> 5.937171 | AJ50: 50 | AK50: 25 | AL50: =AJ50/100*EXP(-L$69*76)*1.1698*10^-12*AH50/10^9/1000/22.4*6.02*10^23 -> 0.44092514 | AM50: =AL50*SQRT((AI50/AH50)^2+(AK50/AJ50)^2) -> 0.23907128 | AN50: =AB50-AL50 -> 235.30507 | AO50: =SQRT(AC50^2+AM50^2) -> 4.1598026 | AP50: 13.6 | AQ50: 1 | AR50: ='14CO vs depth'!G18 -> 509.25837 | AS50: =AP50*EXP(-L$69*AR50) -> 12.787471 | AT50: =AQ50*EXP(-L$69*AR50) -> 0.94025519 | AU50: =AN50-AS50 -> 222.5176 | AV50: =SQRT(AO50^2+AT50^2) -> 4.2647435 | AW50: ='Air Content'!H14 -> 0.083349682 | AX50: ='Air Content'!I14 -> 0.0033008869 | AY50: =AU50*AW50 -> 18.546771 | AZ50: =AY50*SQRT((AX50/AW50)^2+(AV50/AU50)^2) -> 0.81599852 | BA50: =AZ50/AY50*100 -> 4.3996798
A51: =A19 -> 14CO_UR_DC_WATER_BLANK_1 | B51: =(I$37*W19)/(I$37*W19+I19*K19) -> 0.99793882 | C51: =I19*K19 -> 24076.826 | D51: =C51*SQRT((J19/I19)^2+(L19/K19)^2) -> 2493.1512 | E51: =W19*I$37 -> 11656993 | F51: =E51*SQRT((X19/W19)^2+(J$37/I$37)^2) -> 61633.058 | G51: =C51+E51 -> 11681070 | H51: =SQRT(D51^2+F51^2) -> 61683.463 | I51: =(C51+E51)/C51 -> 485.1582 | J51: =G51/U19 -> 4895.5351 | K51: =J51*SQRT((H51/G51)^2+(V19/U19)^2) -> 26.276632 | L51: =G19/100*EXP(-L$69*76)*(1+C19/1000)^2/0.975^2*1.1698*10^-12*J51/10^9/1000/22.4*6.02*10^23 -> 6.2650493 | M51: =L51*SQRT((H19/G19)^2+(K51/J51)^2) -> 0.40836881 | N51: =I$37/U19*W19 -> 4885.4445 | O51: =N51*SQRT((J$37/I$37)^2+(V19/U19)^2+(X19/W19)^2) -> 26.254112 | P51: =G$37/100*EXP(-L$69*76)*(1+C$37/1000)^2/0.975^2*1.1698*10^-12*N51/10^9/1000/22.4*6.02*10^23 -> 1.4734025 | Q51: =P51*SQRT((H$37/G$37)^2+(O51/N51)^2) -> 0.49505704 | R51: =L51-P51 -> 4.7916468 | S51: =SQRT(M51^2+Q51^2) -> 0.64175272 | T51: =U19/K19 -> 1.9140974 | U51: =T51*SQRT((L19/K19)^2+(V19/U19)^2) -> 0.0018504675 | V51: =R51*T51 -> 9.1716789 | W51: =V51*SQRT((U51/T51)^2+(S51/R51)^2) -> 1.2284092 | X51: 0.99774913 | Y51: 0.00030262822 | Z51: =V51/X51 -> 9.1923697 | AA51: =Z51*SQRT((W51/V51)^2+(Y51/X51)^2) -> 1.2311836
A52: =A20 -> 14CO_UR_DC_ICE_SAMPLE_1 | B52: =(I$37*W20)/(I$37*W20+I20*K20) -> 0.98188175 | C52: =I20*K20 -> 214775.87 | D52: =C52*SQRT((J20/I20)^2+(L20/K20)^2) -> 2790.9846 | E52: =W20*I$37 -> 11639341 | F52: =E52*SQRT((X20/W20)^2+(J$37/I$37)^2) -> 62121.327 | G52: =C52+E52 -> 11854117 | H52: =SQRT(D52^2+F52^2) -> 62183.992 | I52: =(C52+E52)/C52 -> 55.192962 | J52: =G52/U20 -> 4679.4724 | K52: =J52*SQRT((H52/G52)^2+(V20/U20)^2) -> 24.956304 | L52: =G20/100*EXP(-L$69*76)*(1+C20/1000)^2/0.975^2*1.1698*10^-12*J52/10^9/1000/22.4*6.02*10^23 -> 139.90164 | M52: =L52*SQRT((H20/G20)^2+(K52/J52)^2) -> 2.9414638 | N52: =I$37/U20*W20 -> 4594.6885 | O52: =N52*SQRT((J$37/I$37)^2+(V20/U20)^2+(X20/W20)^2) -> 24.917393 | P52: =G$37/100*EXP(-L$69*76)*(1+C$37/1000)^2/0.975^2*1.1698*10^-12*N52/10^9/1000/22.4*6.02*10^23 -> 1.3857133 | Q52: =P52*SQRT((H$37/G$37)^2+(O52/N52)^2) -> 0.46559495 | R52: =L52-P52 -> 138.51593 | S52: =SQRT(M52^2+Q52^2) -> 2.9780846 | T52: =U20/K20 -> 1.8153389 | U52: =T52*SQRT((L20/K20)^2+(V20/U20)^2) -> 0.0017547018 | V52: =R52*T52 -> 251.45335 | W52: =V52*SQRT((U52/T52)^2+(S52/R52)^2) -> 5.4116937 | X52: 0.99607792 | Y52: 0.00052065715 | Z52: =V52/X52 -> 252.44345 | AA52: =Z52*SQRT((W52/V52)^2+(Y52/X52)^2) -> 5.4346046 | AB52: =Z52-Z$67 -> 244.11998 | AC52: =SQRT(AA52^2+Z$68^2) -> 5.4815828 | AD52: 37.5 | AE52: 2.5 | AF52: 21.7 | AG52: 5 | AH52: =I20-AD52-AF52 -> 94.711439 | AI52: =SQRT(J20^2+AE52^2+AG52^2) -> 5.937171 | AJ52: 50 | AK52: 25 | AL52: =AJ52/100*EXP(-L$69*76)*1.1698*10^-12*AH52/10^9/1000/22.4*6.02*10^23 -> 1.4751623 | AM52: =AL52*SQRT((AI52/AH52)^2+(AK52/AJ52)^2) -> 0.74335544 | AN52: =AB52-AL52 -> 242.64481 | AO52: =SQRT(AC52^2+AM52^2) -> 5.5317562 | AP52: 13.6 | AQ52: 1 | AR52: ='14CO vs depth'!G8 -> 510.48358 | AS52: =AP52*EXP(-L$69*AR52) -> 12.785575 | AT52: =AQ52*EXP(-L$69*AR52) -> 0.94011584 | AU52: =AN52-AS52 -> 229.85924 | AV52: =SQRT(AO52^2+AT52^2) -> 5.6110734 | AW52: ='Air Content'!H4 -> 0.081221001 | AX52: ='Air Content'!I4 -> 0.0033008869 | AY52: =AU52*AW52 -> 18.669397 | AZ52: =AY52*SQRT((AX52/AW52)^2+(AV52/AU52)^2) -> 0.88508848 | BA52: =AZ52/AY52*100 -> 4.7408519
A53: =A21 -> 14CO_UR_DC_ICE_SAMPLE_9 | B53: =(I$37*W21)/(I$37*W21+I21*K21) -> 0.98447785 | C53: =I21*K21 -> 183223.34 | D53: =C53*SQRT((J21/I21)^2+(L21/K21)^2) -> 2644.1995 | E53: =W21*I$37 -> 11620768 | F53: =E53*SQRT((X21/W21)^2+(J$37/I$37)^2) -> 61738.467 | G53: =C53+E53 -> 11803992 | H53: =SQRT(D53^2+F53^2) -> 61795.066 | I53: =(C53+E53)/C53 -> 64.424063 | J53: =G53/U21 -> 4802.2398 | K53: =J53*SQRT((H53/G53)^2+(V21/U21)^2) -> 25.560209 | L53: =G21/100*EXP(-L$69*76)*(1+C21/1000)^2/0.975^2*1.1698*10^-12*J53/10^9/1000/22.4*6.02*10^23 -> 181.80747 | M53: =L53*SQRT((H21/G21)^2+(K53/J53)^2) -> 2.8916581 | N53: =I$37/U21*W21 -> 4727.6987 | O53: =N53*SQRT((J$37/I$37)^2+(V21/U21)^2+(X21/W21)^2) -> 25.524716 | P53: =G$37/100*EXP(-L$69*76)*(1+C$37/1000)^2/0.975^2*1.1698*10^-12*N53/10^9/1000/22.4*6.02*10^23 -> 1.4258279 | Q53: =P53*SQRT((H$37/G$37)^2+(O53/N53)^2) -> 0.47907275 | R53: =L53-P53 -> 180.38164 | S53: =SQRT(M53^2+Q53^2) -> 2.9310744 | T53: =U21/K21 -> 1.8592221 | U53: =T53*SQRT((L21/K21)^2+(V21/U21)^2) -> 0.0017962277 | V53: =R53*T53 -> 335.36953 | W53: =V53*SQRT((U53/T53)^2+(S53/R53)^2) -> 5.4591418 | X53: 0.99675441 | Y53: 0.00043003129 | Z53: =V53/X53 -> 336.46154 | AA53: =Z53*SQRT((W53/V53)^2+(Y53/X53)^2) -> 5.478841 | AB53: =Z53-Z$67 -> 328.13806 | AC53: =SQRT(AA53^2+Z$68^2) -> 5.5254431 | AD53: 37.5 | AE53: 2.5 | AF53: 41.2 | AG53: 5 | AH53: =I21-AD53-AF53 -> 59.888436 | AI53: =SQRT(J21^2+AE53^2+AG53^2) -> 5.937171 | AJ53: 50 | AK53: 25 | AL53: =AJ53/100*EXP(-L$69*76)*1.1698*10^-12*AH53/10^9/1000/22.4*6.02*10^23 -> 0.93278241 | AM53: =AL53*SQRT((AI53/AH53)^2+(AK53/AJ53)^2) -> 0.47547039 | AN53: =AB53-AL53 -> 327.20528 | AO53: =SQRT(AC53^2+AM53^2) -> 5.5458627 | AP53: 13.6 | AQ53: 1 | AR53: ='14CO vs depth'!G15 -> 6311.1384 | AS53: =AP53*EXP(-L$69*AR53) -> 6.338385 | AT53: =AQ53*EXP(-L$69*AR53) -> 0.46605772 | AU53: =AN53-AS53 -> 320.8669 | AV53: =SQRT(AO53^2+AT53^2) -> 5.5654113 | AW53: ='Air Content'!H12 -> 0.087813512 | AX53: ='Air Content'!I12 -> 0.00070540856 | AY53: =AU53*AW53 -> 28.176449 | AZ53: =AY53*SQRT((AX53/AW53)^2+(AV53/AU53)^2) -> 0.53858742 | BA53: =AZ53/AY53*100 -> 1.9114808
A54: =A22 -> 14CO_UR_DC_ICE_SAMPLE_3 | B54: =(I$37*W22)/(I$37*W22+I22*K22) -> 0.98917272 | C54: =I22*K22 -> 127570.17 | D54: =C54*SQRT((J22/I22)^2+(L22/K22)^2) -> 3005.0771 | E54: =W22*I$37 -> 11654722 | F54: =E54*SQRT((X22/W22)^2+(J$37/I$37)^2) -> 62622.829 | G54: =C54+E54 -> 11782292 | H54: =SQRT(D54^2+F54^2) -> 62694.89 | I54: =(C54+E54)/C54 -> 92.359307 | J54: =G54/U22 -> 4459.9587 | K54: =J54*SQRT((H54/G54)^2+(V22/U22)^2) -> 24.115806 | L54: =G22/100*EXP(-L$69*76)*(1+C22/1000)^2/0.975^2*1.1698*10^-12*J54/10^9/1000/22.4*6.02*10^23 -> 191.11894 | M54: =L54*SQRT((H22/G22)^2+(K54/J54)^2) -> 4.3766296 | N54: =I$37/U22*W22 -> 4411.6694 | O54: =N54*SQRT((J$37/I$37)^2+(V22/U22)^2+(X22/W22)^2) -> 24.080751 | P54: =G$37/100*EXP(-L$69*76)*(1+C$37/1000)^2/0.975^2*1.1698*10^-12*N54/10^9/1000/22.4*6.02*10^23 -> 1.3305165 | Q54: =P54*SQRT((H$37/G$37)^2+(O54/N54)^2) -> 0.44704978 | R54: =L54-P54 -> 189.78842 | S54: =SQRT(M54^2+Q54^2) -> 4.3994023 | T54: =U22/K22 -> 1.7582363 | U54: =T54*SQRT((L22/K22)^2+(V22/U22)^2) -> 0.0016986636 | V54: =R54*T54 -> 333.69289 | W54: =V54*SQRT((U54/T54)^2+(S54/R54)^2) -> 7.7419041 | X54: 0.99581658 | Y54: 0.00055692364 | Z54: =V54/X54 -> 335.09473 | AA54: =Z54*SQRT((W54/V54)^2+(Y54/X54)^2) -> 7.7766862 | AB54: =Z54-Z$67 -> 326.77126 | AC54: =SQRT(AA54^2+Z$68^2) -> 7.8095884 | AD54: 37.5 | AE54: 2.5 | AF54: 21.7 | AG54: 5 | AH54: =I22-AD54-AF54 -> 25.703855 | AI54: =SQRT(J22^2+AE54^2+AG54^2) -> 5.937171 | AJ54: 50 | AK54: 25 | AL54: =AJ54/100*EXP(-L$69*76)*1.1698*10^-12*AH54/10^9/1000/22.4*6.02*10^23 -> 0.40034614 | AM54: =AL54*SQRT((AI54/AH54)^2+(AK54/AJ54)^2) -> 0.22050078 | AN54: =AB54-AL54 -> 326.37091 | AO54: =SQRT(AC54^2+AM54^2) -> 7.8127007 | AP54: 13.6 | AQ54: 1 | AR54: ='14CO vs depth'!G9 -> 1977.486 | AS54: =AP54*EXP(-L$69*AR54) -> 10.706567 | AT54: =AQ54*EXP(-L$69*AR54) -> 0.78724756 | AU54: =AN54-AS54 -> 315.66434 | AV54: =SQRT(AO54^2+AT54^2) -> 7.852264 | AW54: ='Air Content'!H6 -> 0.085054917 | AX54: ='Air Content'!I6 -> 0.00039820107 | AY54: =AU54*AW54 -> 26.848805 | AZ54: =AY54*SQRT((AX54/AW54)^2+(AV54/AU54)^2) -> 0.67959929 | BA54: =AZ54/AY54*100 -> 2.5312087
A55: =A23 -> 14CO_UR_DC_ICE_SAMPLE_12 | B55: =(I$37*W23)/(I$37*W23+I23*K23) -> 0.98735605 | C55: =I23*K23 -> 149201.03 | D55: =C55*SQRT((J23/I23)^2+(L23/K23)^2) -> 3205.5047 | E55: =W23*I$37 -> 11650991 | F55: =E55*SQRT((X23/W23)^2+(J$37/I$37)^2) -> 63024.221 | G55: =C55+E55 -> 11800192 | H55: =SQRT(D55^2+F55^2) -> 63105.687 | I55: =(C55+E55)/C55 -> 79.089215 | J55: =G55/U23 -> 4304.0644 | K55: =J55*SQRT((H55/G55)^2+(V23/U23)^2) -> 23.386251 | L55: =G23/100*EXP(-L$69*76)*(1+C23/1000)^2/0.975^2*1.1698*10^-12*J55/10^9/1000/22.4*6.02*10^23 -> 162.46488 | M55: =L55*SQRT((H23/G23)^2+(K55/J55)^2) -> 3.049558 | N55: =I$37/U23*W23 -> 4249.644 | O55: =N55*SQRT((J$37/I$37)^2+(V23/U23)^2+(X23/W23)^2) -> 23.3478 | P55: =G$37/100*EXP(-L$69*76)*(1+C$37/1000)^2/0.975^2*1.1698*10^-12*N55/10^9/1000/22.4*6.02*10^23 -> 1.2816513 | Q55: =P55*SQRT((H$37/G$37)^2+(O55/N55)^2) -> 0.43063192 | R55: =L55-P55 -> 161.18323 | S55: =SQRT(M55^2+Q55^2) -> 3.0798129 | T55: =U23/K23 -> 1.7106005 | U55: =T55*SQRT((L23/K23)^2+(V23/U23)^2) -> 0.0016529151 | V55: =R55*T55 -> 275.72011 | W55: =V55*SQRT((U55/T55)^2+(S55/R55)^2) -> 5.2750618 | X55: 0.9959494 | Y55: 0.00053571438 | Z55: =V55/X55 -> 276.84148 | AA55: =Z55*SQRT((W55/V55)^2+(Y55/X55)^2) -> 5.2986088 | AB55: =Z55-Z$67 -> 268.51801 | AC55: =SQRT(AA55^2+Z$68^2) -> 5.346782 | AD55: 37.5 | AE55: 2.5 | AF55: 36.2 | AG55: 5 | AH55: =I23-AD55-AF55 -> 19.391513 | AI55: =SQRT(J23^2+AE55^2+AG55^2) -> 5.937171 | AJ55: 50 | AK55: 25 | AL55: =AJ55/100*EXP(-L$69*76)*1.1698*10^-12*AH55/10^9/1000/22.4*6.02*10^23 -> 0.30202929 | AM55: =AL55*SQRT((AI55/AH55)^2+(AK55/AJ55)^2) -> 0.17707839 | AN55: =AB55-AL55 -> 268.21598 | AO55: =SQRT(AC55^2+AM55^2) -> 5.3497135 | AP55: 13.6 | AQ55: 1 | AR55: ='14CO vs depth'!G19 -> 1221.8959 | AS55: =AP55*EXP(-L$69*AR55) -> 11.731288 | AT55: =AQ55*EXP(-L$69*AR55) -> 0.86259473 | AU55: =AN55-AS55 -> 256.48469 | AV55: =SQRT(AO55^2+AT55^2) -> 5.4188102 | AW55: ='Air Content'!H15 -> 0.084750631 | AX55: ='Air Content'!I15 -> 0.00096441996 | AY55: =AU55*AW55 -> 21.737239 | AZ55: =AY55*SQRT((AX55/AW55)^2+(AV55/AU55)^2) -> 0.52162707 | BA55: =AZ55/AY55*100 -> 2.3996933
A56: =A24 -> 14CO_UR_DC_ICE_SAMPLE_4 | B56: =(I$37*W24)/(I$37*W24+I24*K24) -> 0.98716526 | C56: =I24*K24 -> 149881.43 | D56: =C56*SQRT((J24/I24)^2+(L24/K24)^2) -> 2845.1835 | E56: =W24*I$37 -> 11527911 | F56: =E56*SQRT((X24/W24)^2+(J$37/I$37)^2) -> 61696.855 | G56: =C56+E56 -> 11677792 | H56: =SQRT(D56^2+F56^2) -> 61762.423 | I56: =(C56+E56)/C56 -> 77.913534 | J56: =G56/U24 -> 4580.5233 | K56: =J56*SQRT((H56/G56)^2+(V24/U24)^2) -> 24.623495 | L56: =G24/100*EXP(-L$69*76)*(1+C24/1000)^2/0.975^2*1.1698*10^-12*J56/10^9/1000/22.4*6.02*10^23 -> 196.00799 | M56: =L56*SQRT((H24/G24)^2+(K56/J56)^2) -> 3.5481565 | N56: =I$37/U24*W24 -> 4521.7335 | O56: =N56*SQRT((J$37/I$37)^2+(V24/U24)^2+(X24/W24)^2) -> 24.588119 | P56: =G$37/100*EXP(-L$69*76)*(1+C$37/1000)^2/0.975^2*1.1698*10^-12*N56/10^9/1000/22.4*6.02*10^23 -> 1.3637108 | Q56: =P56*SQRT((H$37/G$37)^2+(O56/N56)^2) -> 0.45820249 | R56: =L56-P56 -> 194.64428 | S56: =SQRT(M56^2+Q56^2) -> 3.5776199 | T56: =U24/K24 -> 1.7921378 | U56: =T56*SQRT((L24/K24)^2+(V24/U24)^2) -> 0.0017337095 | V56: =R56*T56 -> 348.82937 | W56: =V56*SQRT((U56/T56)^2+(S56/R56)^2) -> 6.4204622 | X56: 0.99613766 | Y56: 0.0005125671 | Z56: =V56/X56 -> 350.18189 | AA56: =Z56*SQRT((W56/V56)^2+(Y56/X56)^2) -> 6.4478745 | AB56: =Z56-Z$67 -> 341.85841 | AC56: =SQRT(AA56^2+Z$68^2) -> 6.4875195 | AD56: 37.5 | AE56: 2.5 | AF56: 21.7 | AG56: 5 | AH56: =I24-AD56-AF56 -> 46.159472 | AI56: =SQRT(J24^2+AE56^2+AG56^2) -> 5.937171 | AJ56: 50 | AK56: 25 | AL56: =AJ56/100*EXP(-L$69*76)*1.1698*10^-12*AH56/10^9/1000/22.4*6.02*10^23 -> 0.7189492 | AM56: =AL56*SQRT((AI56/AH56)^2+(AK56/AJ56)^2) -> 0.37117829 | AN56: =AB56-AL56 -> 341.13946 | AO56: =SQRT(AC56^2+AM56^2) -> 6.4981291 | AP56: 13.6 | AQ56: 1 | AR56: ='14CO vs depth'!G10 -> 2793.5736 | AS56: =AP56*EXP(-L$69*AR56) -> 9.7001057 | AT56: =AQ56*EXP(-L$69*AR56) -> 0.71324307 | AU56: =AN56-AS56 -> 331.43936 | AV56: =SQRT(AO56^2+AT56^2) -> 6.5371552 | AW56: ='Air Content'!H7 -> 0.085930272 | AX56: ='Air Content'!I7 -> 0.00034471078 | AY56: =AU56*AW56 -> 28.480674 | AZ56: =AY56*SQRT((AX56/AW56)^2+(AV56/AU56)^2) -> 0.57324036 | BA56: =AZ56/AY56*100 -> 2.0127346
A57: =A25 -> 14CO_UR_DC_WATER_BLANK_3 | B57: =(I$37*W25)/(I$37*W25+I25*K25) -> 0.99758579 | C57: =I25*K25 -> 28229.94 | D57: =C57*SQRT((J25/I25)^2+(L25/K25)^2) -> 2347.7377 | E57: =W25*I$37 -> 11664993 | F57: =E57*SQRT((X25/W25)^2+(J$37/I$37)^2) -> 61401.908 | G57: =C57+E57 -> 11693223 | H57: =SQRT(D57^2+F57^2) -> 61446.775 | I57: =(C57+E57)/C57 -> 414.21352 | J57: =G57/U25 -> 5052.9431 | K57: =J57*SQRT((H57/G57)^2+(V25/U25)^2) -> 26.993618 | L57: =G25/100*EXP(-L$69*76)*(1+C25/1000)^2/0.975^2*1.1698*10^-12*J57/10^9/1000/22.4*6.02*10^23 -> 5.3773906 | M57: =L57*SQRT((H25/G25)^2+(K57/J57)^2) -> 0.22300875 | N57: =I$37/U25*W25 -> 5040.7442 | O57: =N57*SQRT((J$37/I$37)^2+(V25/U25)^2+(X25/W25)^2) -> 26.972436 | P57: =G$37/100*EXP(-L$69*76)*(1+C$37/1000)^2/0.975^2*1.1698*10^-12*N57/10^9/1000/22.4*6.02*10^23 -> 1.5202394 | Q57: =P57*SQRT((H$37/G$37)^2+(O57/N57)^2) -> 0.51079348 | R57: =L57-P57 -> 3.8571512 | S57: =SQRT(M57^2+Q57^2) -> 0.55735346 | T57: =U25/K25 -> 1.9713809 | U57: =T57*SQRT((L25/K25)^2+(V25/U25)^2) -> 0.0019058468 | V57: =R57*T57 -> 7.6039144 | W57: =V57*SQRT((U57/T57)^2+(S57/R57)^2) -> 1.0987806 | X57: 0.996273 | Y57: 0.0004935233 | Z57: =V57/X57 -> 7.6323602 | AA57: =Z57*SQRT((W57/V57)^2+(Y57/X57)^2) -> 1.1028975
A58: =A26 -> 14CO_UR_DC_ICE_SAMPLE_7 | B58: =(I$37*W26)/(I$37*W26+I26*K26) -> 0.98710108 | C58: =I26*K26 -> 152072.64 | D58: =C58*SQRT((J26/I26)^2+(L26/K26)^2) -> 3010.9884 | E58: =W26*I$37 -> 11637495 | F58: =E58*SQRT((X26/W26)^2+(J$37/I$37)^2) -> 62555.1 | G58: =C58+E58 -> 11789567 | H58: =SQRT(D58^2+F58^2) -> 62627.523 | I58: =(C58+E58)/C58 -> 77.525893 | J58: =G58/U26 -> 4460.5749 | K58: =J58*SQRT((H58/G58)^2+(V26/U26)^2) -> 24.079898 | L58: =G26/100*EXP(-L$69*76)*(1+C26/1000)^2/0.975^2*1.1698*10^-12*J58/10^9/1000/22.4*6.02*10^23 -> 198.41208 | M58: =L58*SQRT((H26/G26)^2+(K58/J58)^2) -> 3.6712851 | N58: =I$37/U26*W26 -> 4403.0384 | O58: =N58*SQRT((J$37/I$37)^2+(V26/U26)^2+(X26/W26)^2) -> 24.043138 | P58: =G$37/100*EXP(-L$69*76)*(1+C$37/1000)^2/0.975^2*1.1698*10^-12*N58/10^9/1000/22.4*6.02*10^23 -> 1.3279135 | Q58: =P58*SQRT((H$37/G$37)^2+(O58/N58)^2) -> 0.44617521 | R58: =L58-P58 -> 197.08416 | S58: =SQRT(M58^2+Q58^2) -> 3.6982978 | T58: =U26/K26 -> 1.7556319 | U58: =T58*SQRT((L26/K26)^2+(V26/U26)^2) -> 0.0016967085 | V58: =R58*T58 -> 346.00725 | W58: =V58*SQRT((U58/T58)^2+(S58/R58)^2) -> 6.501455 | X58: 0.99594164 | Y58: 0.00053735978 | Z58: =V58/X58 -> 347.4172 | AA58: =Z58*SQRT((W58/V58)^2+(Y58/X58)^2) -> 6.5306385 | AB58: =Z58-Z$67 -> 339.09372 | AC58: =SQRT(AA58^2+Z$68^2) -> 6.569784 | AD58: 37.5 | AE58: 2.5 | AF58: 41.2 | AG58: 5 | AH58: =I26-AD58-AF58 -> 22.313062 | AI58: =SQRT(J26^2+AE58^2+AG58^2) -> 5.937171 | AJ58: 50 | AK58: 25 | AL58: =AJ58/100*EXP(-L$69*76)*1.1698*10^-12*AH58/10^9/1000/22.4*6.02*10^23 -> 0.3475334 | AM58: =AL58*SQRT((AI58/AH58)^2+(AK58/AJ58)^2) -> 0.19684054 | AN58: =AB58-AL58 -> 338.74619 | AO58: =SQRT(AC58^2+AM58^2) -> 6.5727322 | AP58: 13.6 | AQ58: 1 | AR58: ='14CO vs depth'!G13 -> 4837.7981 | AS58: =AP58*EXP(-L$69*AR58) -> 7.5749824 | AT58: =AQ58*EXP(-L$69*AR58) -> 0.556984 | AU58: =AN58-AS58 -> 331.1712 | AV58: =SQRT(AO58^2+AT58^2) -> 6.5962898 | AW58: ='Air Content'!H10 -> 0.087420779 | AX58: ='Air Content'!I10 -> 0.00094424161 | AY58: =AU58*AW58 -> 28.951245 | AZ58: =AY58*SQRT((AX58/AW58)^2+(AV58/AU58)^2) -> 0.65598267 | BA58: =AZ58/AY58*100 -> 2.2658185
A59: =A27 -> 14CO_UR_DC_ICE_SAMPLE_2 | B59: =(I$37*W27)/(I$37*W27+I27*K27) -> 0.98818762 | C59: =I27*K27 -> 138851.86 | D59: =C59*SQRT((J27/I27)^2+(L27/K27)^2) -> 2968.2085 | E59: =W27*I$37 -> 11615919 | F59: =E59*SQRT((X27/W27)^2+(J$37/I$37)^2) -> 62362.905 | G59: =C59+E59 -> 11754771 | H59: =SQRT(D59^2+F59^2) -> 62433.502 | I59: =(C59+E59)/C59 -> 84.656925 | J59: =G59/U27 -> 4487.3007 | K59: =J59*SQRT((H59/G59)^2+(V27/U27)^2) -> 24.220726 | L59: =G27/100*EXP(-L$69*76)*(1+C27/1000)^2/0.975^2*1.1698*10^-12*J59/10^9/1000/22.4*6.02*10^23 -> 123.5306 | M59: =L59*SQRT((H27/G27)^2+(K59/J59)^2) -> 11.65099 | N59: =I$37/U27*W27 -> 4434.295 | O59: =N59*SQRT((J$37/I$37)^2+(V27/U27)^2+(X27/W27)^2) -> 24.185175 | P59: =G$37/100*EXP(-L$69*76)*(1+C$37/1000)^2/0.975^2*1.1698*10^-12*N59/10^9/1000/22.4*6.02*10^23 -> 1.3373402 | Q59: =P59*SQRT((H$37/G$37)^2+(O59/N59)^2) -> 0.44934241 | R59: =L59-P59 -> 122.19326 | S59: =SQRT(M59^2+Q59^2) -> 11.659651 | T59: =U27/K27 -> 1.7651002 | U59: =T59*SQRT((L27/K27)^2+(V27/U27)^2) -> 0.0017058589 | V59: =R59*T59 -> 215.68335 | W59: =V59*SQRT((U59/T59)^2+(S59/R59)^2) -> 20.581508 | X59: 0.99578059 | Y59: 0.00056137875 | Z59: =V59/X59 -> 216.59726 | AA59: =Z59*SQRT((W59/V59)^2+(Y59/X59)^2) -> 20.669079 | AB59: =Z59-Z$67 -> 208.27378 | AC59: =SQRT(AA59^2+Z$68^2) -> 20.681481 | AD59: 37.5 | AE59: 2.5 | AF59: 21.7 | AG59: 5 | AH59: =I27-AD59-AF59 -> 34.360394 | AI59: =SQRT(J27^2+AE59^2+AG59^2) -> 5.937171 | AJ59: 50 | AK59: 25 | AL59: =AJ59/100*EXP(-L$69*76)*1.1698*10^-12*AH59/10^9/1000/22.4*6.02*10^23 -> 0.53517463 | AM59: =AL59*SQRT((AI59/AH59)^2+(AK59/AJ59)^2) -> 0.28311535 | AN59: =AB59-AL59 -> 207.73861 | AO59: =SQRT(AC59^2+AM59^2) -> 20.683418 | AP59: 13.6 | AQ59: 1 | AU59: =AN59-AS59 -> 207.73861 | AV59: =SQRT(AO59^2+AT59^2) -> 20.683418 | AW59: ='Air Content'!H5 -> 0.083719275 | AX59: ='Air Content'!I5 -> 0.00096441996 | AY59: =AU59*AW59 -> 17.391726 | AZ59: =AY59*SQRT((AX59/AW59)^2+(AV59/AU59)^2) -> 1.7431524
A60: =A28 -> 14CO_UR_DC_FIRN_SAMPLE_2 | B60: =(I$37*W28)/(I$37*W28+I28*K28) -> 0.99046174 | C60: =I28*K28 -> 112027.3 | D60: =C60*SQRT((J28/I28)^2+(L28/K28)^2) -> 2568.6164 | E60: =W28*I$37 -> 11633016 | F60: =E60*SQRT((X28/W28)^2+(J$37/I$37)^2) -> 61657.617 | G60: =C60+E60 -> 11745044 | H60: =SQRT(D60^2+F60^2) -> 61711.097 | I60: =(C60+E60)/C60 -> 104.8409 | J60: =G60/U28 -> 4850.4311 | K60: =J60*SQRT((H60/G60)^2+(V28/U28)^2) -> 25.90838 | L60: =G28/100*EXP(-L$69*76)*(1+C28/1000)^2/0.975^2*1.1698*10^-12*J60/10^9/1000/22.4*6.02*10^23 -> 177.62477 | M60: =L60*SQRT((H28/G28)^2+(K60/J60)^2) -> 3.6945055 | N60: =I$37/U28*W28 -> 4804.1664 | O60: =N60*SQRT((J$37/I$37)^2+(V28/U28)^2+(X28/W28)^2) -> 25.878679 | P60: =G$37/100*EXP(-L$69*76)*(1+C$37/1000)^2/0.975^2*1.1698*10^-12*N60/10^9/1000/22.4*6.02*10^23 -> 1.4488898 | Q60: =P60*SQRT((H$37/G$37)^2+(O60/N60)^2) -> 0.48682119 | R60: =L60-P60 -> 176.17588 | S60: =SQRT(M60^2+Q60^2) -> 3.7264414 | T60: =U28/K28 -> 1.8854246 | U60: =T60*SQRT((L28/K28)^2+(V28/U28)^2) -> 0.0018224464 | V60: =R60*T60 -> 332.16634 | W60: =V60*SQRT((U60/T60)^2+(S60/R60)^2) -> 7.0332566 | X60: 0.99703735 | Y60: 0.00039505719 | Z60: =V60/X60 -> 333.15336 | AA60: =Z60*SQRT((W60/V60)^2+(Y60/X60)^2) -> 7.0553906 | AB60: =Z60-Z$67 -> 324.82988 | AC60: =SQRT(AA60^2+Z$68^2) -> 7.0916401 | AD60: 37.5 | AE60: 2.5 | AF60: 21.7 | AG60: 5 | AH60: =I28-AF60 -> 65.528569 | AI60: =SQRT(J28^2+AG60^2) -> 5.3851648 | AJ60: 50 | AK60: 25 | AL60: =AJ60/100*EXP(-L$69*76)*1.1698*10^-12*AH60/10^9/1000/22.4*6.02*10^23 -> 1.0206294 | AM60: =AL60*SQRT((AI60/AH60)^2+(AK60/AJ60)^2) -> 0.51716169 | AN60: =AB60-AL60 -> 323.80925 | AO60: =SQRT(AC60^2+AM60^2) -> 7.1104722 | AP60: 0 | AQ60: 0 | AS60: =AP60*EXP(-L$69*AR60) -> 0 | AT60: =AQ60*EXP(-L$69*AR60) -> 0 | AU60: =AN60-AS60 -> 323.80925 | AV60: =SQRT(AO60^2+AT60^2) -> 7.1104722 | AW60: ='Air Content'!X24 -> 0.08736517 | AX60: ='Air Content'!Y24 -> 0.001293656 | AY60: =AU60*AW60 -> 28.28965 | AZ60: =AY60*SQRT((AX60/AW60)^2+(AV60/AU60)^2) -> 0.74924913 | BA60: =AZ60/AY60*100 -> 2.648492
A61: =A29 -> 14CO_UR_DC_ICE_SAMPLE_5 | B61: =(I$37*W29)/(I$37*W29+I29*K29) -> 0.98947277 | C61: =I29*K29 -> 123472.26 | D61: =C61*SQRT((J29/I29)^2+(L29/K29)^2) -> 2848.8468 | E61: =W29*I$37 -> 11605378 | F61: =E61*SQRT((X29/W29)^2+(J$37/I$37)^2) -> 62075.276 | G61: =C61+E61 -> 11728850 | H61: =SQRT(D61^2+F61^2) -> 62140.614 | I61: =(C61+E61)/C61 -> 94.991788 | J61: =G61/U29 -> 4583.6313 | K61: =J61*SQRT((H61/G61)^2+(V29/U29)^2) -> 24.681391 | L61: =G29/100*EXP(-L$69*76)*(1+C29/1000)^2/0.975^2*1.1698*10^-12*J61/10^9/1000/22.4*6.02*10^23 -> 198.75034 | M61: =L61*SQRT((H29/G29)^2+(K61/J61)^2) -> 3.7230188 | N61: =I$37/U29*W29 -> 4535.3783 | O61: =N61*SQRT((J$37/I$37)^2+(V29/U29)^2+(X29/W29)^2) -> 24.648014 | P61: =G$37/100*EXP(-L$69*76)*(1+C$37/1000)^2/0.975^2*1.1698*10^-12*N61/10^9/1000/22.4*6.02*10^23 -> 1.3678259 | Q61: =P61*SQRT((H$37/G$37)^2+(O61/N61)^2) -> 0.4595851 | R61: =L61-P61 -> 197.38252 | S61: =SQRT(M61^2+Q61^2) -> 3.7512781 | T61: =U29/K29 -> 1.7964319 | U61: =T61*SQRT((L29/K29)^2+(V29/U29)^2) -> 0.0017370027 | V61: =R61*T61 -> 354.58425 | W61: =V61*SQRT((U61/T61)^2+(S61/R61)^2) -> 6.7476316 | X61: 0.9960064 | Y61: 0.00053018437 | Z61: =V61/X61 -> 356.006 | AA61: =Z61*SQRT((W61/V61)^2+(Y61/X61)^2) -> 6.777337 | AB61: =Z61-Z$67 -> 347.68252 | AC61: =SQRT(AA61^2+Z$68^2) -> 6.8150656 | AD61: 37.5 | AE61: 2.5 | AF61: 21.7 | AG61: 5 | AH61: =I29-AD61-AF61 -> 27.483087 | AI61: =SQRT(J29^2+AE61^2+AG61^2) -> 5.937171 | AJ61: 50 | AK61: 25 | AL61: =AJ61/100*EXP(-L$69*76)*1.1698*10^-12*AH61/10^9/1000/22.4*6.02*10^23 -> 0.42805827 | AM61: =AL61*SQRT((AI61/AH61)^2+(AK61/AJ61)^2) -> 0.23315189 | AN61: =AB61-AL61 -> 347.25446 | AO61: =SQRT(AC61^2+AM61^2) -> 6.8190526 | AP61: 13.6 | AQ61: 1 | AR61: ='14CO vs depth'!G11 -> 3399.0278 | AS61: =AP61*EXP(-L$69*AR61) -> 9.0150572 | AT61: =AQ61*EXP(-L$69*AR61) -> 0.66287185 | AU61: =AN61-AS61 -> 338.2394 | AV61: =SQRT(AO61^2+AT61^2) -> 6.8511954 | AW61: ='Air Content'!H8 -> 0.086595432 | AX61: ='Air Content'!I8 -> 0.00029448502 | AY61: =AU61*AW61 -> 29.289987 | AZ61: =AY61*SQRT((AX61/AW61)^2+(AV61/AU61)^2) -> 0.6015856 | BA61: =AZ61/AY61*100 -> 2.0538951
A62: =A30 -> 14CO_UR_DC_WATER_BLANK_5 | B62: =(I$37*W30)/(I$37*W30+I30*K30) -> 0.99541711 | C62: =I30*K30 -> 53178.66 | D62: =C62*SQRT((J30/I30)^2+(L30/K30)^2) -> 2674.1173 | E62: =W30*I$37 -> 11550550 | F62: =E62*SQRT((X30/W30)^2+(J$37/I$37)^2) -> 61465.9 | G62: =C62+E62 -> 11603729 | H62: =SQRT(D62^2+F62^2) -> 61524.042 | I62: =(C62+E62)/C62 -> 218.20273 | J62: =G62/U30 -> 4705.2152 | K62: =J62*SQRT((H62/G62)^2+(V30/U30)^2) -> 25.354838 | L62: =G30/100*EXP(-L$69*76)*(1+C30/1000)^2/0.975^2*1.1698*10^-12*J62/10^9/1000/22.4*6.02*10^23 -> 5.6571737 | M62: =L62*SQRT((H30/G30)^2+(K62/J62)^2) -> 0.2212957 | N62: =I$37/U30*W30 -> 4683.6517 | O62: =N62*SQRT((J$37/I$37)^2+(V30/U30)^2+(X30/W30)^2) -> 25.327942 | P62: =G$37/100*EXP(-L$69*76)*(1+C$37/1000)^2/0.975^2*1.1698*10^-12*N62/10^9/1000/22.4*6.02*10^23 -> 1.4125437 | Q62: =P62*SQRT((H$37/G$37)^2+(O62/N62)^2) -> 0.47460952 | R62: =L62-P62 -> 4.24463 | S62: =SQRT(M62^2+Q62^2) -> 0.52366591 | T62: =U30/K30 -> 1.8444568 | U62: =T62*SQRT((L30/K30)^2+(V30/U30)^2) -> 0.0017840293 | V62: =R62*T62 -> 7.8290367 | W62: =V62*SQRT((U62/T62)^2+(S62/R62)^2) -> 0.96590884 | X62: 0.99685082 | Y62: 0.00041864373 | Z62: =V62/X62 -> 7.8537696 | AA62: =Z62*SQRT((W62/V62)^2+(Y62/X62)^2) -> 0.96896589
A63: =A31 -> 14CO_UR_DC_ICE_SAMPLE_14 | B63: =(I$37*W31)/(I$37*W31+I31*K31) -> 0.98670101 | C63: =I31*K31 -> 155901.76 | D63: =C63*SQRT((J31/I31)^2+(L31/K31)^2) -> 3260.4073 | E63: =W31*I$37 -> 11566922 | F63: =E63*SQRT((X31/W31)^2+(J$37/I$37)^2) -> 62735.538 | G63: =C63+E63 -> 11722824 | H63: =SQRT(D63^2+F63^2) -> 62820.204 | I63: =(C63+E63)/C63 -> 75.193661 | J63: =G63/U31 -> 4246.0594 | K63: =J63*SQRT((H63/G63)^2+(V31/U31)^2) -> 23.116808 | L63: =G31/100*EXP(-L$69*76)*(1+C31/1000)^2/0.975^2*1.1698*10^-12*J63/10^9/1000/22.4*6.02*10^23 -> 200.28749 | M63: =L63*SQRT((H31/G31)^2+(K63/J63)^2) -> 4.5935546 | N63: =I$37/U31*W31 -> 4189.5911 | O63: =N63*SQRT((J$37/I$37)^2+(V31/U31)^2+(X31/W31)^2) -> 23.077093 | P63: =G$37/100*EXP(-L$69*76)*(1+C$37/1000)^2/0.975^2*1.1698*10^-12*N63/10^9/1000/22.4*6.02*10^23 -> 1.2635399 | Q63: =P63*SQRT((H$37/G$37)^2+(O63/N63)^2) -> 0.42454683 | R63: =L63-P63 -> 199.02395 | S63: =SQRT(M63^2+Q63^2) -> 4.6131317 | T63: =U31/K31 -> 1.693594 | U63: =T63*SQRT((L31/K31)^2+(V31/U31)^2) -> 0.0016364826 | V63: =R63*T63 -> 337.06576 | W63: =V63*SQRT((U63/T63)^2+(S63/R63)^2) -> 7.8195578 | X63: 0.9956642 | Y63: 0.00057431385 | Z63: =V63/X63 -> 338.53357 | AA63: =Z63*SQRT((W63/V63)^2+(Y63/X63)^2) -> 7.8560367 | AB63: =Z63-Z$67 -> 330.21009 | AC63: =SQRT(AA63^2+Z$68^2) -> 7.8886079 | AD63: 37.5 | AE63: 2.5 | AF63: 36.2 | AG63: 5 | AH63: =I31-AD63-AF63 -> 21.934398 | AI63: =SQRT(J31^2+AE63^2+AG63^2) -> 5.937171 | AJ63: 50 | AK63: 25 | AL63: =AJ63/100*EXP(-L$69*76)*1.1698*10^-12*AH63/10^9/1000/22.4*6.02*10^23 -> 0.34163558 | AM63: =AL63*SQRT((AI63/AH63)^2+(AK63/AJ63)^2) -> 0.19424225 | AN63: =AB63-AL63 -> 329.86846 | AO63: =SQRT(AC63^2+AM63^2) -> 7.890999 | AP63: 13.6 | AQ63: 1 | AR63: ='14CO vs depth'!G21 -> 2782.5433 | AS63: =AP63*EXP(-L$69*AR63) -> 9.7130573 | AT63: =AQ63*EXP(-L$69*AR63) -> 0.71419539 | AU63: =AN63-AS63 -> 320.1554 | AV63: =SQRT(AO63^2+AT63^2) -> 7.9232531 | AW63: ='Air Content'!H17 -> 0.085930272 | AX63: ='Air Content'!I17 -> 0.00034471078 | AY63: =AU63*AW63 -> 27.51104 | AZ63: =AY63*SQRT((AX63/AW63)^2+(AV63/AU63)^2) -> 0.68973371 | BA63: =AZ63/AY63*100 -> 2.5071161
A64: =A32 -> DRY INJ EXT BLK | B64: =(I$37*W32)/(I$37*W32+I32*K32) -> 0.99746134 | C64: =I32*K32 -> 23067.637 | D64: =C64*SQRT((J32/I32)^2+(L32/K32)^2) -> 3786.6367 | E64: =W32*I$37 -> 9063483.3 | F64: =E64*SQRT((X32/W32)^2+(J$37/I$37)^2) -> 125109.78 | G64: =C64+E64 -> 9086551 | H64: =SQRT(D64^2+F64^2) -> 125167.08 | I64: =(C64+E64)/C64 -> 393.90904 | J64: =G64/U32 -> 3269.3797 | K64: =J64*SQRT((H64/G64)^2+(V32/U32)^2) -> 47.001877 | L64: =G32/100*EXP(-L$69*76)*(1+C32/1000)^2/0.975^2*1.1698*10^-12*J64/10^9/1000/22.4*6.02*10^23 -> 5.5422484 | M64: =L64*SQRT((H32/G32)^2+(K64/J64)^2) -> 0.19893106 | N64: =I$37/U32*W32 -> 3261.0798 | O64: =N64*SQRT((J$37/I$37)^2+(V32/U32)^2+(X32/W32)^2) -> 46.972359 | P64: =G$37/100*EXP(-L$69*76)*(1+C$37/1000)^2/0.975^2*1.1698*10^-12*N64/10^9/1000/22.4*6.02*10^23 -> 0.98350993 | Q64: =P64*SQRT((H$37/G$37)^2+(O64/N64)^2) -> 0.33071648 | R64: =L64-P64 -> 4.5587385 | S64: =SQRT(M64^2+Q64^2) -> 0.38593647 | T64: =U32/K32 -> 1.4679462 | U64: =T64*SQRT((L32/K32)^2+(V32/U32)^2) -> 0.0060418893 | V64: =R64*T64 -> 6.6919829 | W64: =V64*SQRT((U64/T64)^2+(S64/R64)^2) -> 0.56720313
A65: =A33 -> HOT-DRY BLK | B65: =(I$37*W33)/(I$37*W33+I33*K33) -> 0.96726466 | C65: =I33*K33 -> 283450.67 | D65: =C65*SQRT((J33/I33)^2+(L33/K33)^2) -> 3961.3894 | E65: =W33*I$37 -> 8375408.1 | F65: =E65*SQRT((X33/W33)^2+(J$37/I$37)^2) -> 217743.49 | G65: =C65+E65 -> 8658858.8 | H65: =SQRT(D65^2+F65^2) -> 217779.52 | I65: =(C65+E65)/C65 -> 30.548027 | J65: =G65/U33 -> 3093.1627 | K65: =J65*SQRT((H65/G65)^2+(V33/U33)^2) -> 81.152968 | L65: =G33/100*EXP(-L$69*76)*(1+C33/1000)^2/0.975^2*1.1698*10^-12*J65/10^9/1000/22.4*6.02*10^23 -> 8.1200137 | M65: =L65*SQRT((H33/G33)^2+(K65/J65)^2) -> 0.31283561 | N65: =I$37/U33*W33 -> 2991.907 | O65: =N65*SQRT((J$37/I$37)^2+(V33/U33)^2+(X33/W33)^2) -> 80.928627 | P65: =G$37/100*EXP(-L$69*76)*(1+C$37/1000)^2/0.975^2*1.1698*10^-12*N65/10^9/1000/22.4*6.02*10^23 -> 0.90233001 | Q65: =P65*SQRT((H$37/G$37)^2+(O65/N65)^2) -> 0.3041213 | R65: =L65-P65 -> 7.2176837 | S65: =SQRT(M65^2+Q65^2) -> 0.43629793 | T65: =U33/K33 -> 1.4133557 | U65: =T65*SQRT((L33/K33)^2+(V33/U33)^2) -> 0.010555259 | V65: =R65*T65 -> 10.201154 | W65: =V65*SQRT((U65/T65)^2+(S65/R65)^2) -> 0.62133252 | AB65: =AVERAGE(AB43:AB63) -> 309.27843 | AL65: =AVERAGE(AL43:AL63) -> 0.72245798 | AZ65: avg | BA65: =AVERAGE(BA43:BA63) -> 2.5573031
V67: Average of water blanks run through sofnocat | Z67: =AVERAGE(Z47,Z51,Z57,Z62) -> 8.323478
V68: stdev | Z68: =STDEV(Z47,Z51,Z57,Z62) -> 0.71611643
J69: 14C decay constant | L69: 0.000120968
W70: Avg of borehole 1 ice samples | Z70: =AVERAGE(AB44,AB48,AB52:AB54,AB56,AB61) -> 324.37226

Sheet 14C-free water blanks
A1: Blank Name | B1: Date collected | C1: Field CO, ppb | D1: Lab CO, ppb | E1: 14CO after all corrections, molecules / cc STP | F1: Error
A2: UR DC Water Blank 1 | B2: 45618 | C2: 14.640726 | D2: 19.314382 | E2: 9.1892264 | F2: 1.2314104
A3: UR DC Water Blank 3 | B3: 45631 | C3: 17.16729 | D3: 24.048649 | E3: 7.6297504 | F3: 1.1031001
A4: UR DC Water Blank 4B | B4: 45647 | C4: 37.899699 | D4: 42.602175 | E4: 8.6124664 | F4: 1.0060392
A5: UR DC Water Blank 5 | B5: 45649 | C5: 35.299605 | D5: 39.772949 | E5: 7.8510841 | F5: 0.96926002
A7: Early-season avg | C7: =AVERAGE(C2:C3) -> 15.904008 | D7: =AVERAGE(D2:D3) -> 21.681516
A8: Late-season avg | C8: =AVERAGE(C4:C5) -> 36.599652 | D8: =AVERAGE(D4:D5) -> 41.187562
A10: Looks like either a calibration offset between field and lab measurements, or slow consistent growth of CO in Silcocans over the ≈10 months of storage
A11: No consistent trend in 14CO over time, which is a bit suprising given what we saw at Summit and Law Dome
A12: But this was a solar maximum, so perhaps production rates were lower
A13: It is also possible that more in situ 14CO in canisters from earlier part of season is offset by
A14: 14CO contribution from the higher CO blank (by ≈20 ppb) in the later part of the season
A15: This seems plausible based on the calculation below
A17: CO blank difference between late and early season | D17: =AVERAGE(D4:D5)-AVERAGE(D2:D3) -> 19.506046 | E17: ppb
A18: Assumed activity of this CO | D18: 100 | E18: pMC
A19: Then resulting extra 14CO | D19: =D18/100*1.1694*10^-12*D17/10^9/1000/22.4*6.02*10^23 -> 0.61302871 | E19: molecules / cc STP
A21: Considering all of the above, as well as the relatively negligible difference this effect would make for samples (which are mostly > 300 molecules / cc STP)
A22: it makes sense to correct for the water blanks using a simple average of their values

Sheet Hot melter wall blank
A1: Estimating 14C activity of CO from hot melter walls
B3: Field measured CO, ppb | C3: Lab measured CO, ppb | D3: 14CO, molcules / cc STP | E3: Error
A4: DRY INJ EXT BLK | B4: 4.8239529 | C4: 12.18371 | D4: 6.6896947 | E4: 0.56763811
A5: HOT-DRY BLK | B5: 141.28822 | C5: 143.11036 | D5: 10.197666 | E5: 0.62217487
A7: CO added from hot melter walls | D7: =C5-C4 -> 130.92665 | E7: ppb
A8: 14CO added from hot melter walls | D8: =D5-D4 -> 3.5079715 | E8: molecules / cc STP
A9: Error | D9: =SQRT(E4^2+E5^2) -> 0.84220816
A10: assumed d13C of melter wall CO | D10: -25 | E10: per mil
A11: 14C decay constant | D11: 0.000120968 | E11: yr^-1
A13: inferred pMC of hot melter wall CO | D13: =D8*100/(EXP(-D11*76)*(1+D10/1000)^2/0.975^2*1.1694*10^-12*D7*10^-9/22400*6.02*10^23) -> 86.041736 | E13: pMC
A14: Error | D14: =D13*D9/D8 -> 20.657252 | E14: pMC
A16: Previous estimate from experiments Peter ran: | D16: 48.8 ± 12 pMC
A18: So perhaps this has changed a bit, although estimates almost agree within 1 sigma error
A20: I am actually not using this estimate for anything, because in the end our extraneous [CO] amounts are too erratic to be explained
A21: by hot melter blank -- likely a large contribution from some external contaminant

Sheet Air Content
A1: Air content from OSU measurements on small subsamples | H1: Final values to use for 14CO content calculations | N1: Estimates of air content for shallow samples
A3: Sample Name | B3: Top depth, m | C3: Mid-depth | D3: Bottom depth, m | E3: Mean air content, cc STP / g | F3: Error | H3: Mean air content, cc STP / g | I3: Error | N3: Fraction of 14CO in ice grains | O3: Error | P3: Air content estimate | Q3: Error
A4: 14CO_UR_DC_ICE_SAMPLE_1 | B4: 100 | C4: =AVERAGE(B4,D4) -> 110 | D4: 120 | E4: 0.074746823 | F4: 0.002954874 | H4: =P4 -> 0.081221001 | I4: =Q4 -> 0.0033008869 | N4: 0.456 | O4: =N4*0.2 -> 0.0912 | P4: =AA$40*(1-N4)+X26*N4 -> 0.081221001 | Q4: =AA$42 -> 0.0033008869
A5: 14CO_UR_DC_ICE_SAMPLE_2 | B5: 120 | C5: =AVERAGE(B5,D5) -> 130 | D5: 140 | E5: 0.084104331 | F5: 0.00096441996 | H5: =P5 -> 0.083719275 | I5: =Q5 -> 0.00096441996 | N5: 0.23 | O5: =N5*0.2 -> 0.046 | P5: =E5*(1-N5)+X27*N5 -> 0.083719275 | Q5: =F5 -> 0.00096441996
A6: 14CO_UR_DC_ICE_SAMPLE_3 | B6: 140 | C6: =AVERAGE(B6,D6) -> 150 | D6: 160 | E6: 0.085201944 | F6: 0.00039820107 | H6: =P6 -> 0.085054917 | I6: =Q6 -> 0.00039820107 | N6: 0.11 | O6: =N6*0.2 -> 0.022 | P6: =E6*(1-N6)+X28*N6 -> 0.085054917 | Q6: =F6 -> 0.00039820107
A7: 14CO_UR_DC_ICE_SAMPLE_4 | B7: 160 | C7: =AVERAGE(B7,D7) -> 170 | D7: 180 | E7: 0.085930272 | F7: 0.00034471078 | H7: =E7 -> 0.085930272 | I7: =F7 -> 0.00034471078
A8: 14CO_UR_DC_ICE_SAMPLE_5 | B8: 180 | C8: =AVERAGE(B8,D8) -> 190.5 | D8: 201 | E8: 0.086595432 | F8: 0.00029448502 | H8: =E8 -> 0.086595432 | I8: =F8 -> 0.00029448502
A9: 14CO_UR_DC_ICE_SAMPLE_6 | B9: 201 | C9: =AVERAGE(B9,D9) -> 211 | D9: 221 | E9: 0.087660152 | F9: 0.00079321555 | H9: =E9 -> 0.087660152 | I9: =F9 -> 0.00079321555
A10: 14CO_UR_DC_ICE_SAMPLE_7 | B10: 221 | C10: =AVERAGE(B10,D10) -> 230.925 | D10: 240.85 | E10: 0.087420779 | F10: 0.00094424161 | H10: =E10 -> 0.087420779 | I10: =F10 -> 0.00094424161
A11: 14CO_UR_DC_ICE_SAMPLE_8 | B11: 240.85 | C11: =AVERAGE(B11,D11) -> 250.925 | D11: 261 | E11: 0.088436208 | F11: 0.00028666959 | H11: =E11 -> 0.088436208 | I11: =F11 -> 0.00028666959
A12: 14CO_UR_DC_ICE_SAMPLE_9 | B12: 261 | C12: =AVERAGE(B12,D12) -> 270.84 | D12: 280.68 | E12: 0.087813512 | F12: 0.00070540856 | H12: =E12 -> 0.087813512 | I12: =F12 -> 0.00070540856
A13: 14CO_UR_DC_ICE_SAMPLE_10 | B13: 281 | C13: =AVERAGE(B13,D13) -> 290.685 | D13: 300.37 | E13: 0.08795923 | F13: 0.00028227444 | H13: =E13 -> 0.08795923 | I13: =F13 -> 0.00028227444
A14: 14CO_UR_DC_ICE_SAMPLE_11 | B14: 100 | C14: =AVERAGE(B14,D14) -> 109.96 | D14: 119.92 | E14: 0.074746823 | H14: =P14 -> 0.083349682 | I14: =Q14 -> 0.0033008869 | N14: 0.456 | O14: =N14*0.2 -> 0.0912 | P14: =AA$40*(1-N14)+X36*N14 -> 0.083349682 | Q14: =AA$42 -> 0.0033008869
A15: 14CO_UR_DC_ICE_SAMPLE_12 | B15: 119.92 | C15: =AVERAGE(B15,D15) -> 129.84 | D15: 139.76 | E15: 0.084104331 | H15: =P15 -> 0.084750631 | I15: =Q15 -> 0.00096441996 | N15: 0.23 | O15: =N15*0.2 -> 0.046 | P15: =E15*(1-N15)+X37*N15 -> 0.084750631 | Q15: =Q5 -> 0.00096441996
A16: 14CO_UR_DC_ICE_SAMPLE_13 | B16: 139.76 | C16: =AVERAGE(B16,D16) -> 149.735 | D16: 159.71 | E16: 0.085201944 | H16: =P16 -> 0.085450372 | I16: =Q16 -> 0.00039820107 | N16: 0.11 | O16: =N16*0.2 -> 0.022 | P16: =E16*(1-N16)+X38*N16 -> 0.085450372 | Q16: =Q6 -> 0.00039820107
A17: 14CO_UR_DC_ICE_SAMPLE_14 | B17: 159.71 | C17: =AVERAGE(B17,D17) -> 169.67 | D17: 179.63 | E17: 0.085930272 | H17: =H7 -> 0.085930272 | I17: =I7 -> 0.00034471078
A20: Air content from our measurements on large-volume samples
A22: Sample | B22: Weiss lab T (deg C) | C22: T (K) | D22: Error, K | E22: Weiss lab P (psia) | F22: Weiss Lab P (torr) | G22: Error | H22: L STP air in sample | I22: Error | J22: Air lost by leaving remaining air in downstr manifold, cc STP | K22: Error | L22: L STP in air sample corrected for loss to downstream manifold and Picarro | M22: Error | N22: Fraction of air dissolved in water, predicted from solubility | O22: Error | P22: Fraction of air left behind in melter | Q22: Error | R22: Total air extracted further corrected for fraction left in melter, L STP | S22: Error | T22: Water level, cm below upper surface of lower flange | U22: Error | V22: Water mass, kg | W22: Error | X22: Air content, cc STP /g | Y22: Error
A23: UR DC Firn Sample 1 | B23: 20.4 | C23: =B23+273.15 -> 293.55 | D23: 1 | E23: 26.96 | F23: =E23*51.7149 -> 1394.2337 | G23: =F23*0.0001 -> 0.13942337 | H23: =F23/760*273.15/C23*D$49/1000 -> 10.381302 | I23: =H23*SQRT((G23/F23)^2+(D23/C23)^2+(D$50/D$49)^2) -> 0.060500419 | J23: =(F23+15)/760*273.15/293.15*300 -> 518.3248 | K23: =(F23+15)/760*273.15/293.15*25 -> 43.193733 | L23: =H23+J23/1000+J$45/1000 -> 11.017551 | M23: =SQRT(I23^2+(K23/1000)^2+(K$45/1000)^2) -> 0.077338088 | N23: 0.011193228 | O23: 0.0015680836 | P23: =N23*O$41 -> 0.0068144522 | Q23: =P23*SQRT((O23/N23)^2+(O$42/O$41)^2) -> 0.0033952423 | R23: =L23/(1-P23) -> 11.093145 | S23: =R23*SQRT((M23/L23)^2+(Q23/(1-P23))^2) -> 0.086612015 | T23: 66.7 | U23: 0.5 | V23: =-2.8704*T23+294.67 -> 103.21432 | W23: =2.8704*U23 -> 1.4352 | X23: =R23/V23 -> 0.1074768 | Y23: =X23*SQRT((W23/V23)^2+(S23/R23)^2) -> 0.0017139453
A24: UR DC Firn Sample 2 | B24: 20.3 | C24: =B24+273.15 -> 293.45 | D24: 1 | E24: 25.28 | F24: =E24*51.7149 -> 1307.3527 | G24: =F24*0.0001 -> 0.13073527 | H24: =F24/760*273.15/C24*D$49/1000 -> 9.737713 | I24: =H24*SQRT((G24/F24)^2+(D24/C24)^2+(D$50/D$49)^2) -> 0.056756304 | J24: =(F24+15)/760*273.15/293.15*300 -> 486.36943 | K24: =(F24+15)/760*273.15/293.15*25 -> 40.530785 | L24: =H24+J24/1000+J$45/1000 -> 10.342007 | M24: =SQRT(I24^2+(K24/1000)^2+(K$45/1000)^2) -> 0.072932867 | N24: 0.016467906 | O24: 0.0023126438 | P24: =N24*O$41 -> 0.010025683 | Q24: =P24*SQRT((O24/N24)^2+(O$42/O$41)^2) -> 0.0049961735 | R24: =L24/(1-P24) -> 10.446743 | S24: =R24*SQRT((M24/L24)^2+(Q24/(1-P24))^2) -> 0.090593205 | T24: 61 | U24: 0.5 | V24: =-2.8704*T24+294.67 -> 119.5756 | W24: =2.8704*U24 -> 1.4352 | X24: =R24/V24 -> 0.08736517 | Y24: =X24*SQRT((W24/V24)^2+(S24/R24)^2) -> 0.001293656
A25: UR DC Firn Sample 3 | B25: 20.8 | C25: =B25+273.15 -> 293.95 | D25: 1 | E25: 27.41 | F25: =E25*51.7149 -> 1417.5054 | G25: =F25*0.0001 -> 0.14175054 | H25: =F25/760*273.15/C25*D$49/1000 -> 10.540218 | I25: =H25*SQRT((G25/F25)^2+(D25/C25)^2+(D$50/D$49)^2) -> 0.061398006 | J25: =(F25+15)/760*273.15/293.15*300 -> 526.88428 | K25: =(F25+15)/760*273.15/293.15*25 -> 43.907023 | L25: =H25+J25/1000+J$45/1000 -> 11.185027 | M25: =SQRT(I25^2+(K25/1000)^2+(K$45/1000)^2) -> 0.078439291 | N25: 0.017588904 | O25: 0.0024429665 | P25: =N25*O$41 -> 0.010708148 | Q25: =P25*SQRT((O25/N25)^2+(O$42/O$41)^2) -> 0.005331645 | R25: =L25/(1-P25) -> 11.306094 | S25: =R25*SQRT((M25/L25)^2+(Q25/(1-P25))^2) -> 0.099997071 | T25: 57.2 | U25: 0.5 | V25: =-2.8704*T25+294.67 -> 130.48312 | W25: =2.8704*U25 -> 1.4352 | X25: =R25/V25 -> 0.086647942 | Y25: =X25*SQRT((W25/V25)^2+(S25/R25)^2) -> 0.0012229534
A26: UR DC Ice Sample 1 | B26: 20.6 | C26: =B26+273.15 -> 293.75 | D26: 1 | E26: 27.43 | F26: =E26*51.7149 -> 1418.5397 | G26: =F26*0.0001 -> 0.14185397 | H26: =F26/760*273.15/C26*D$49/1000 -> 10.55509 | I26: =H26*SQRT((G26/F26)^2+(D26/C26)^2+(D$50/D$49)^2) -> 0.06149892 | J26: =(F26+15)/760*273.15/293.15*300 -> 527.2647 | K26: =(F26+15)/760*273.15/293.15*25 -> 43.938725 | L26: =H26+J26/1000+J$45/1000 -> 11.200279 | M26: =SQRT(I26^2+(K26/1000)^2+(K$45/1000)^2) -> 0.078536038 | N26: 0.021704493 | O26: 0.0030185354 | P26: =N26*O$41 -> 0.013213724 | Q26: =P26*SQRT((O26/N26)^2+(O$42/O$41)^2) -> 0.0065798553 | R26: =L26/(1-P26) -> 11.350258 | S26: =R26*SQRT((M26/L26)^2+(Q26/(1-P26))^2) -> 0.10982775 | T26: 53.2 | U26: 0.5 | V26: =-2.8704*T26+294.67 -> 141.96472 | W26: =2.8704*U26 -> 1.4352 | X26: =R26/V26 -> 0.079951262 | Y26: =X26*SQRT((W26/V26)^2+(S26/R26)^2) -> 0.0011188395 | AA26: Avg ice samples 1 - 4
A27: UR DC Ice Sample 2 | B27: 20.2 | C27: =B27+273.15 -> 293.35 | D27: 1 | E27: 29.2 | F27: =E27*51.7149 -> 1510.0751 | G27: =F27*0.0001 -> 0.15100751 | H27: =F27/760*273.15/C27*D$49/1000 -> 11.251509 | I27: =H27*SQRT((G27/F27)^2+(D27/C27)^2+(D$50/D$49)^2) -> 0.065587114 | J27: =(F27+15)/760*273.15/293.15*300 -> 560.93197 | K27: =(F27+15)/760*273.15/293.15*25 -> 46.744331 | L27: =H27+J27/1000+J$45/1000 -> 11.930365 | M27: =SQRT(I27^2+(K27/1000)^2+(K$45/1000)^2) -> 0.08331796 | N27: 0.023617879 | O27: 0.0032906085 | P27: =N27*O$41 -> 0.014378597 | Q27: =P27*SQRT((O27/N27)^2+(O$42/O$41)^2) -> 0.0071609266 | R27: =L27/(1-P27) -> 12.10441 | S27: =R27*SQRT((M27/L27)^2+(Q27/(1-P27))^2) -> 0.12198329 | T27: 51.5 | U27: 0.5 | V27: =-2.8704*T27+294.67 -> 146.8444 | W27: =2.8704*U27 -> 1.4352 | X27: =R27/V27 -> 0.082430177 | Y27: =X27*SQRT((W27/V27)^2+(S27/R27)^2) -> 0.0011572014 | AA27: =AVERAGE(X26:X29) -> 0.082178044
A28: UR DC Ice Sample 3 | B28: 20.2 | C28: =B28+273.15 -> 293.35 | D28: 1 | E28: 29.54 | F28: =E28*51.7149 -> 1527.6581 | G28: =F28*0.0001 -> 0.15276581 | H28: =F28/760*273.15/C28*D$49/1000 -> 11.38252 | I28: =H28*SQRT((G28/F28)^2+(D28/C28)^2+(D$50/D$49)^2) -> 0.066350799 | J28: =(F28+15)/760*273.15/293.15*300 -> 567.39913 | K28: =(F28+15)/760*273.15/293.15*25 -> 47.283261 | L28: =H28+J28/1000+J$45/1000 -> 12.067843 | M28: =SQRT(I28^2+(K28/1000)^2+(K$45/1000)^2) -> 0.084221825 | N28: 0.023491453 | O28: 0.0032766381 | P28: =N28*O$41 -> 0.014301628 | Q28: =P28*SQRT((O28/N28)^2+(O$42/O$41)^2) -> 0.0071232152 | R28: =L28/(1-P28) -> 12.242937 | S28: =R28*SQRT((M28/L28)^2+(Q28/(1-P28))^2) -> 0.12299742 | T28: 51.8 | U28: 0.5 | V28: =-2.8704*T28+294.67 -> 145.98328 | W28: =2.8704*U28 -> 1.4352 | X28: =R28/V28 -> 0.083865339 | Y28: =X28*SQRT((W28/V28)^2+(S28/R28)^2) -> 0.0011788491
A29: UR DC Ice Sample 4 | B29: 20.5 | C29: =B29+273.15 -> 293.65 | D29: 1 | E29: 28.01 | F29: =E29*51.7149 -> 1448.5343 | G29: =F29*0.0001 -> 0.14485343 | H29: =F29/760*273.15/C29*D$49/1000 -> 10.781945 | I29: =H29*SQRT((G29/F29)^2+(D29/C29)^2+(D$50/D$49)^2) -> 0.062827988 | J29: =(F29+15)/760*273.15/293.15*300 -> 538.29691 | K29: =(F29+15)/760*273.15/293.15*25 -> 44.858076 | L29: =H29+J29/1000+J$45/1000 -> 11.438167 | M29: =SQRT(I29^2+(K29/1000)^2+(K$45/1000)^2) -> 0.080092344 | N29: 0.021353645 | O29: 0.0029694716 | P29: =N29*O$41 -> 0.013000128 | Q29: =P29*SQRT((O29/N29)^2+(O$42/O$41)^2) -> 0.0064734476 | R29: =L29/(1-P29) -> 11.588823 | S29: =R29*SQRT((M29/L29)^2+(Q29/(1-P29))^2) -> 0.11118479 | T29: 53.7 | U29: 0.5 | V29: =-2.8704*T29+294.67 -> 140.52952 | W29: =2.8704*U29 -> 1.4352 | X29: =R29/V29 -> 0.082465397 | Y29: =X29*SQRT((W29/V29)^2+(S29/R29)^2) -> 0.0011555425
A30: UR DC Ice Sample 5 | B30: 20.5 | C30: =B30+273.15 -> 293.65 | D30: 1 | E30: 28.05 | F30: =E30*51.7149 -> 1450.6029 | G30: =F30*0.0001 -> 0.14506029 | H30: =F30/760*273.15/C30*D$49/1000 -> 10.797342 | I30: =H30*SQRT((G30/F30)^2+(D30/C30)^2+(D$50/D$49)^2) -> 0.062917711 | J30: =(F30+15)/760*273.15/293.15*300 -> 539.05775 | K30: =(F30+15)/760*273.15/293.15*25 -> 44.92148 | L30: =H30+J30/1000+J$45/1000 -> 11.454325 | M30: =SQRT(I30^2+(K30/1000)^2+(K$45/1000)^2) -> 0.080198243 | N30: 0.022107117 | O30: 0.0030736724 | P30: =N30*O$41 -> 0.013458842 | Q30: =P30*SQRT((O30/N30)^2+(O$42/O$41)^2) -> 0.0067017675 | R30: =L30/(1-P30) -> 11.61059 | S30: =R30*SQRT((M30/L30)^2+(Q30/(1-P30))^2) -> 0.11326693 | T30: 52.7 | U30: 0.5 | V30: =-2.8704*T30+294.67 -> 143.39992 | W30: =2.8704*U30 -> 1.4352 | X30: =R30/V30 -> 0.080966501 | Y30: =X30*SQRT((W30/V30)^2+(S30/R30)^2) -> 0.0011316123
A31: UR DC Ice Sample 6 | B31: 20.4 | C31: =B31+273.15 -> 293.55 | D31: 1 | E31: 26.86 | F31: =E31*51.7149 -> 1389.0622 | G31: =F31*0.0001 -> 0.13890622 | H31: =F31/760*273.15/C31*D$49/1000 -> 10.342795 | I31: =H31*SQRT((G31/F31)^2+(D31/C31)^2+(D$50/D$49)^2) -> 0.060276011 | J31: =(F31+15)/760*273.15/293.15*300 -> 516.4227 | K31: =(F31+15)/760*273.15/293.15*25 -> 43.035225 | L31: =H31+J31/1000+J$45/1000 -> 10.977143 | M31: =SQRT(I31^2+(K31/1000)^2+(K$45/1000)^2) -> 0.077074046 | N31: 0.02008502 | O31: 0.0027733333 | P31: =N31*O$41 -> 0.012227787 | Q31: =P31*SQRT((O31/N31)^2+(O$42/O$41)^2) -> 0.0060855165 | R31: =L31/(1-P31) -> 11.11303 | S31: =R31*SQRT((M31/L31)^2+(Q31/(1-P31))^2) -> 0.10380726 | T31: 53 | U31: 0.5 | V31: =-2.8704*T31+294.67 -> 142.5388 | W31: =2.8704*U31 -> 1.4352 | X31: =R31/V31 -> 0.07796495 | Y31: =X31*SQRT((W31/V31)^2+(S31/R31)^2) -> 0.0010708097
A32: UR DC Ice Sample 7 | B32: 20.3 | C32: =B32+273.15 -> 293.45 | D32: 1 | E32: 29.54 | F32: =E32*51.7149 -> 1527.6581 | G32: =F32*0.0001 -> 0.15276581 | H32: =F32/760*273.15/C32*D$49/1000 -> 11.378641 | I32: =H32*SQRT((G32/F32)^2+(D32/C32)^2+(D$50/D$49)^2) -> 0.06632046 | J32: =(F32+15)/760*273.15/293.15*300 -> 567.39913 | K32: =(F32+15)/760*273.15/293.15*25 -> 47.283261 | L32: =H32+J32/1000+J$45/1000 -> 12.063964 | M32: =SQRT(I32^2+(K32/1000)^2+(K$45/1000)^2) -> 0.084197926 | N32: 0.02209664 | O32: 0.0030578724 | P32: =N32*O$41 -> 0.013452464 | Q32: =P32*SQRT((O32/N32)^2+(O$42/O$41)^2) -> 0.0066961586 | R32: =L32/(1-P32) -> 12.228468 | S32: =R32*SQRT((M32/L32)^2+(Q32/(1-P32))^2) -> 0.11905041 | T32: 51.5 | U32: 0.5 | V32: =-2.8704*T32+294.67 -> 146.8444 | W32: =2.8704*U32 -> 1.4352 | X32: =R32/V32 -> 0.083275001 | Y32: =X32*SQRT((W32/V32)^2+(S32/R32)^2) -> 0.0011487836
A33: UR DC Ice Sample 8 | B33: 20.6 | C33: =B33+273.15 -> 293.75 | D33: 1 | E33: 25.79 | F33: =E33*51.7149 -> 1333.7273 | G33: =F33*0.0001 -> 0.13337273 | H33: =F33/760*273.15/C33*D$49/1000 -> 9.9240165 | I33: =H33*SQRT((G33/F33)^2+(D33/C33)^2+(D$50/D$49)^2) -> 0.057821989 | J33: =(F33+15)/760*273.15/293.15*300 -> 496.07016 | K33: =(F33+15)/760*273.15/293.15*25 -> 41.33918 | L33: =H33+J33/1000+J$45/1000 -> 10.538011 | M33: =SQRT(I33^2+(K33/1000)^2+(K$45/1000)^2) -> 0.07421247 | N33: 0.016774237 | O33: 0.0023349379 | P33: =N33*O$41 -> 0.010212178 | Q33: =P33*SQRT((O33/N33)^2+(O$42/O$41)^2) -> 0.0050855695 | R33: =L33/(1-P33) -> 10.646738 | S33: =R33*SQRT((M33/L33)^2+(Q33/(1-P33))^2) -> 0.092812621 | T33: 58.8 | U33: 0.5 | V33: =-2.8704*T33+294.67 -> 125.89048 | W33: =2.8704*U33 -> 1.4352 | X33: =R33/V33 -> 0.084571427 | Y33: =X33*SQRT((W33/V33)^2+(S33/R33)^2) -> 0.0012137196
A34: UR DC Ice Sample 9 | B34: 20.7 | C34: =B34+273.15 -> 293.85 | D34: 1 | E34: 25.99 | F34: =E34*51.7149 -> 1344.0703 | G34: =F34*0.0001 -> 0.13440703 | H34: =F34/760*273.15/C34*D$49/1000 -> 9.9975733 | I34: =H34*SQRT((G34/F34)^2+(D34/C34)^2+(D$50/D$49)^2) -> 0.058243799 | J34: =(F34+15)/760*273.15/293.15*300 -> 499.87438 | K34: =(F34+15)/760*273.15/293.15*25 -> 41.656198 | L34: =H34+J34/1000+J$45/1000 -> 10.615372 | M34: =SQRT(I34^2+(K34/1000)^2+(K$45/1000)^2) -> 0.074717866 | N34: 0.017549258 | O34: 0.0024381604 | P34: =N34*O$41 -> 0.010684012 | Q34: =P34*SQRT((O34/N34)^2+(O$42/O$41)^2) -> 0.0053197464 | R34: =L34/(1-P34) -> 10.730012 | S34: =R34*SQRT((M34/L34)^2+(Q34/(1-P34))^2) -> 0.095041986 | T34: 57 | U34: 0.5 | V34: =-2.8704*T34+294.67 -> 131.0572 | W34: =2.8704*U34 -> 1.4352 | X34: =R34/V34 -> 0.081872738 | Y34: =X34*SQRT((W34/V34)^2+(S34/R34)^2) -> 0.0011531564
A35: UR DC Ice Sample 10 | B35: 20.8 | C35: =B35+273.15 -> 293.95 | D35: 1 | E35: 26.26 | F35: =E35*51.7149 -> 1358.0333 | G35: =F35*0.0001 -> 0.13580333 | H35: =F35/760*273.15/C35*D$49/1000 -> 10.097998 | I35: =H35*SQRT((G35/F35)^2+(D35/C35)^2+(D$50/D$49)^2) -> 0.058822023 | J35: =(F35+15)/760*273.15/293.15*300 -> 505.01006 | K35: =(F35+15)/760*273.15/293.15*25 -> 42.084172 | L35: =H35+J35/1000+J$45/1000 -> 10.720932 | M35: =SQRT(I35^2+(K35/1000)^2+(K$45/1000)^2) -> 0.075407482 | N35: 0.017884148 | O35: 0.0024968616 | P35: =N35*O$41 -> 0.010887893 | Q35: =P35*SQRT((O35/N35)^2+(O$42/O$41)^2) -> 0.0054233351 | R35: =L35/(1-P35) -> 10.838946 | S35: =R35*SQRT((M35/L35)^2+(Q35/(1-P35))^2) -> 0.096665015 | T35: 58.2 | U35: 0.5 | V35: =-2.8704*T35+294.67 -> 127.61272 | W35: =2.8704*U35 -> 1.4352 | X35: =R35/V35 -> 0.084936248 | Y35: =X35*SQRT((W35/V35)^2+(S35/R35)^2) -> 0.0012191253
A36: UR DC Ice Sample 11 | B36: 20.5 | C36: =B36+273.15 -> 293.65 | D36: 1 | E36: 30.29 | F36: =E36*51.7149 -> 1566.4443 | G36: =F36*0.0001 -> 0.15664443 | H36: =F36/760*273.15/C36*D$49/1000 -> 11.65959 | I36: =H36*SQRT((G36/F36)^2+(D36/C36)^2+(D$50/D$49)^2) -> 0.067942155 | J36: =(F36+15)/760*273.15/293.15*300 -> 581.66492 | K36: =(F36+15)/760*273.15/293.15*25 -> 48.472077 | L36: =H36+J36/1000+J$45/1000 -> 12.359179 | M36: =SQRT(I36^2+(K36/1000)^2+(K$45/1000)^2) -> 0.086144409 | N36: 0.021493212 | O36: 0.0029710668 | P36: =N36*O$41 -> 0.013085096 | Q36: =P36*SQRT((O36/N36)^2+(O$42/O$41)^2) -> 0.0065127376 | R36: =L36/(1-P36) -> 12.523045 | S36: =R36*SQRT((M36/L36)^2+(Q36/(1-P36))^2) -> 0.12020159 | T36: 51.1 | U36: 0.5 | V36: =-2.8704*T36+294.67 -> 147.99256 | W36: =2.8704*U36 -> 1.4352 | X36: =R36/V36 -> 0.084619421 | Y36: =X36*SQRT((W36/V36)^2+(S36/R36)^2) -> 0.0011546038 | AA36: Avg samples 11 - 14
A37: UR DC Ice Sample 12 | B37: 20.6 | C37: =B37+273.15 -> 293.75 | D37: 1 | E37: 31.49 | F37: =E37*51.7149 -> 1628.5022 | G37: =F37*0.0001 -> 0.16285022 | H37: =F37/760*273.15/C37*D$49/1000 -> 12.117382 | I37: =H37*SQRT((G37/F37)^2+(D37/C37)^2+(D$50/D$49)^2) -> 0.070601568 | J37: =(F37+15)/760*273.15/293.15*300 -> 604.49019 | K37: =(F37+15)/760*273.15/293.15*25 -> 50.374183 | L37: =H37+J37/1000+J$45/1000 -> 12.839797 | M37: =SQRT(I37^2+(K37/1000)^2+(K$45/1000)^2) -> 0.089315845 | N37: 0.021783187 | O37: 0.0030072191 | P37: =N37*O$41 -> 0.013261633 | Q37: =P37*SQRT((O37/N37)^2+(O$42/O$41)^2) -> 0.0065999396 | R37: =L37/(1-P37) -> 13.012362 | S37: =R37*SQRT((M37/L37)^2+(Q37/(1-P37))^2) -> 0.12557183 | T37: 50.5 | U37: 0.5 | V37: =-2.8704*T37+294.67 -> 149.7148 | W37: =2.8704*U37 -> 1.4352 | X37: =R37/V37 -> 0.086914332 | Y37: =X37*SQRT((W37/V37)^2+(S37/R37)^2) -> 0.001182233 | AA37: =AVERAGE(X36:X39) -> 0.086230085
A38: UR DC Ice Sample 13 | B38: 21 | C38: =B38+273.15 -> 294.15 | D38: 1 | E38: 31.79 | F38: =E38*51.7149 -> 1644.0167 | G38: =F38*0.0001 -> 0.16440167 | H38: =F38/760*273.15/C38*D$49/1000 -> 12.216187 | I38: =H38*SQRT((G38/F38)^2+(D38/C38)^2+(D$50/D$49)^2) -> 0.071144228 | J38: =(F38+15)/760*273.15/293.15*300 -> 610.19651 | K38: =(F38+15)/760*273.15/293.15*25 -> 50.849709 | L38: =H38+J38/1000+J$45/1000 -> 12.944308 | M38: =SQRT(I38^2+(K38/1000)^2+(K$45/1000)^2) -> 0.090013191 | N38: 0.021899276 | O38: 0.0030254447 | P38: =N38*O$41 -> 0.013332309 | Q38: =P38*SQRT((O38/N38)^2+(O$42/O$41)^2) -> 0.0066354844 | R38: =L38/(1-P38) -> 13.119218 | S38: =R38*SQRT((M38/L38)^2+(Q38/(1-P38))^2) -> 0.12691381 | T38: 50.4 | U38: 0.5 | V38: =-2.8704*T38+294.67 -> 150.00184 | W38: =2.8704*U38 -> 1.4352 | X38: =R38/V38 -> 0.08746038 | Y38: =X38*SQRT((W38/V38)^2+(S38/R38)^2) -> 0.0011900027
A39: UR DC Ice Sample 14 | B39: 21 | C39: =B39+273.15 -> 294.15 | D39: 1 | E39: 32.04 | F39: =E39*51.7149 -> 1656.9454 | G39: =F39*0.0001 -> 0.16569454 | H39: =F39/760*273.15/C39*D$49/1000 -> 12.312257 | I39: =H39*SQRT((G39/F39)^2+(D39/C39)^2+(D$50/D$49)^2) -> 0.071703714 | J39: =(F39+15)/760*273.15/293.15*300 -> 614.95177 | K39: =(F39+15)/760*273.15/293.15*25 -> 51.245981 | L39: =H39+J39/1000+J$45/1000 -> 13.045133 | M39: =SQRT(I39^2+(K39/1000)^2+(K$45/1000)^2) -> 0.0906794 | N39: 0.023489246 | O39: 0.0032454114 | P39: =N39*O$41 -> 0.014300284 | Q39: =P39*SQRT((O39/N39)^2+(O$42/O$41)^2) -> 0.0071172975 | R39: =L39/(1-P39) -> 13.234389 | S39: =R39*SQRT((M39/L39)^2+(Q39/(1-P39))^2) -> 0.13264506 | T39: 49 | U39: 0.5 | V39: =-2.8704*T39+294.67 -> 154.0204 | W39: =2.8704*U39 -> 1.4352 | X39: =R39/V39 -> 0.085926206 | Y39: =X39*SQRT((W39/V39)^2+(S39/R39)^2) -> 0.0011759194 | AA39: Avg of ice samples 1 and 11
AA40: =AVERAGE(X26,X36) -> 0.082285341
K41: Correction for fraction of air left behind | O41: 0.60880134 | AA41: stdev
K42: Error | O42: =0.1455464*2 -> 0.2910928 | AA42: =STDEV(X26,X36) -> 0.0033008869
A43: Air lost to Picarro measurents
B44: Expansion pressure, torr | C44: Error | D44: Expansion volume, cc | E44: Error | F44: Air lost by expansions, cc | G44: Error | H44: Amount of air lost by flow, sccm | I44: Error | J44: Total air lost | K44: Error
A45: Ice and Firn samples | B45: 550 | C45: 50 | D45: 40 | E45: 10 | F45: =B45/760*273/283*D45 -> 27.924493 | G45: =F45*SQRT((C45/B45)^2+(E45/D45)^2) -> 7.4283594 | H45: =4.5*20 -> 90 | I45: =1*20 -> 20 | J45: =F45+H45 -> 117.92449 | K45: =SQRT(G45^2+I45^2) -> 21.33496
A47: Silcocan parameters | B47: minimum volume | D47: 6024 | E47: cc's
B48: max volume | D48: 6139
B49: mid-range | D49: =AVERAGE(D47:D48) -> 6081.5
B50: 1 sigma error | D50: =(D48-D47)/4 -> 28.75

Sheet 14CO vs depth
A3: Sample | B3: Mean depth, m | C3: 14CO, molec / g ice after all corrections | D3: Error, 1 sigma | F3: Mean gas age, yr before 1950 | G3: Mean gas age, Years before measurement date
A4: Borehole 1
A5: 14CO_UR_DC_FIRN_SAMPLE_1 | B5: 34 | C5: ='14CO analysis'!AY49 -> 46.438967 | D5: ='14CO analysis'!AZ49 -> 1.1433095
A6: 14CO_UR_DC_FIRN_SAMPLE_2 | B6: 54.5 | C6: ='14CO analysis'!AY60 -> 28.28965 | D6: ='14CO analysis'!AZ60 -> 0.74924913
A7: 14CO_UR_DC_FIRN_EXTRACTION_3 | B7: 75 | C7: ='14CO analysis'!AY46 -> 18.807095 | D7: ='14CO analysis'!AZ46 -> 0.5431236
A8: 14CO_UR_DC_ICE_SAMPLE_1 | B8: 110 | C8: ='14CO analysis'!AY52 -> 18.669397 | D8: ='14CO analysis'!AZ52 -> 0.88508848 | F8: 434.48358 | G8: =F8+76 -> 510.48358
A9: 14CO_UR_DC_ICE_SAMPLE_3 | B9: 150 | C9: ='14CO analysis'!AY54 -> 26.848805 | D9: ='14CO analysis'!AZ54 -> 0.67959929 | F9: 1901.486 | G9: =F9+76 -> 1977.486
A10: 14CO_UR_DC_ICE_SAMPLE_4 | B10: 170 | C10: ='14CO analysis'!AY56 -> 28.480674 | D10: ='14CO analysis'!AZ56 -> 0.57324036 | F10: 2717.5736 | G10: =F10+76 -> 2793.5736
A11: 14CO_UR_DC_ICE_SAMPLE_5 | B11: 190.5 | C11: ='14CO analysis'!AY61 -> 29.289987 | D11: ='14CO analysis'!AZ61 -> 0.6015856 | F11: 3323.0278 | G11: =F11+76 -> 3399.0278
A12: 14CO_UR_DC_ICE_SAMPLE_6 | B12: 211 | C12: ='14CO analysis'!AY44 -> 29.666008 | D12: ='14CO analysis'!AZ44 -> 0.72240041 | F12: 4118.9091 | G12: =F12+76 -> 4194.9091
A13: 14CO_UR_DC_ICE_SAMPLE_7 | B13: 230.925 | C13: ='14CO analysis'!AY58 -> 28.951245 | D13: ='14CO analysis'!AZ58 -> 0.65598267 | F13: 4761.7981 | G13: =F13+76 -> 4837.7981
A14: 14CO_UR_DC_ICE_SAMPLE_8 | B14: 250.925 | C14: ='14CO analysis'!AY48 -> 28.889061 | D14: ='14CO analysis'!AZ48 -> 0.56696371 | F14: 5493.2137 | G14: =F14+76 -> 5569.2137
A15: 14CO_UR_DC_ICE_SAMPLE_9 | B15: 270.84 | C15: ='14CO analysis'!AY53 -> 28.176449 | D15: ='14CO analysis'!AZ53 -> 0.53858742 | F15: 6235.1384 | G15: =F15+76 -> 6311.1384
A16: 14CO_UR_DC_ICE_SAMPLE_10 | B16: 290.685 | C16: ='14CO analysis'!AY43 -> 25.887557 | D16: ='14CO analysis'!AZ43 -> 0.47354766 | F16: 7001.6651 | G16: =F16+76 -> 7077.6651
A17: Borehole 2
A18: 14CO_UR_DC_ICE_SAMPLE_11 | B18: 109.96 | C18: ='14CO analysis'!AY50 -> 18.546771 | D18: ='14CO analysis'!AZ50 -> 0.81599852 | F18: 433.25837 | G18: =F18+76 -> 509.25837
A19: 14CO_UR_DC_ICE_SAMPLE_12 | B19: 129.84 | C19: ='14CO analysis'!AY55 -> 21.737239 | D19: ='14CO analysis'!AZ55 -> 0.52162707 | F19: 1145.8959 | G19: =F19+76 -> 1221.8959
A20: 14CO_UR_DC_ICE_SAMPLE_13 | B20: 149.735 | C20: ='14CO analysis'!AY45 -> 27.087812 | D20: ='14CO analysis'!AZ45 -> 0.50630841 | F20: 1891.505 | G20: =F20+76 -> 1967.505
A21: 14CO_UR_DC_ICE_SAMPLE_14 | B21: 169.67 | C21: ='14CO analysis'!AY63 -> 27.51104 | D21: ='14CO analysis'!AZ63 -> 0.68973371 | F21: 2706.5433 | G21: =F21+76 -> 2782.5433
A24: 110 m average value | C24: =AVERAGE(C8,C18) -> 18.608084

Sheet Sheet3
